,job_titles,company_names,experiences,locations,descriptions_url,skills_sets
0,Data Analyst ,infoanalytica consulting pvt ltd,5 - 8 yrs,Ahmedabad,https://www.timesjobs.com/job-detail/data-analyst-infoanalytica-consulting-pvt-ltd-ahmedabad-5-to-8-yrs-jobid-xEPbiv5__PLUS__2aRzpSvf__PLUS__uAgZw==&source=srp,"business rules,sql,Data Analyst"
1,Data Analyst ,ikomet Technology Solutions Pvt. Ltd.,0 - 3 yrs,Chennai,https://www.timesjobs.com/job-detail/data-analyst-ikomet-technology-solutions-pvt-ltd-chennai-0-to-3-yrs-jobid-IY7Ug32__PLUS__6DVzpSvf__PLUS__uAgZw==&source=srp,"macros,visualization,bi,data analyst,vba"
2,Data Analyst ,ACENET TECHNOLOGIES,10 - 15 yrs,"Gurgaon,  Delhi,  Delhi/NCR,  Pune,  Bengaluru / Bangalore",https://www.timesjobs.com/job-detail/data-analyst-acenet-technologies-gurgaon-delhi-delhi-ncr-pune-bengaluru-bangalore-10-to-15-yrs-jobid-vlpD6MnRaX9zpSvf__PLUS__uAgZw==&source=srp,"bi,dashboards,data analyst,sql,tableau"
3,Data Analyst ,Koch Global Business Services,0 - 3 yrs,Bengaluru / Bangalore,https://www.timesjobs.com/job-detail/data-analyst-koch-global-business-services-bengaluru-bangalore-0-to-3-yrs-jobid-ZpBIzDjDvqRzpSvf__PLUS__uAgZw==&source=srp,"functional analyst,dashboards,data analytics,data analysis,data analyst,tableau"
4,Data Analyst ,Zealogics LLC.,0 - 3 yrs,,https://www.timesjobs.com/job-detail/data-analyst-zealogics-llc-0-to-3-yrs-jobid-bbZfTOHQeHZzpSvf__PLUS__uAgZw==&source=srp,"data analysis,gap analysis,data analyst,security,trading systems"
5,Data Analyst ,ADROIT LEARNING AND MANPOWER PVT LTD,7 - 10 yrs,Ahmedabad,https://www.timesjobs.com/job-detail/data-analyst-adroit-learning-and-manpower-pvt-ltd-ahmedabad-7-to-10-yrs-jobid-O6rsbebTEJNzpSvf__PLUS__uAgZw==&source=srp,"data analysis,dashboards,data analyst,sql,tableau,infrastructure,data visualization"
6,Data Analyst ,Citibank India,0 - 2 yrs,Pune,https://www.timesjobs.com/job-detail/data-analyst-citibank-india-pune-0-to-2-yrs-jobid-LI9LtxI9jJNzpSvf__PLUS__uAgZw==&source=srp,"data analysis,sas,information management,spss,data analyst,analyst"
7,Data Analyst ,crescendo global,3 - 7 yrs,"Gurgaon,  Mumbai,  Pune",https://www.timesjobs.com/job-detail/data-analyst-crescendo-global-gurgaon-mumbai-pune-3-to-7-yrs-jobid-RjtFggc2GA9zpSvf__PLUS__uAgZw==&source=srp,"bi,sql,data science,press,data analytics,data analysis,consulting,data analyst,tableau,written communication"
8,Data Analyst ,Target Corporation India Pvt Ltd,2 - 5 yrs,Bengaluru / Bangalore,https://www.timesjobs.com/job-detail/data-analyst-target-corporation-india-pvt-ltd-bengaluru-bangalore-2-to-5-yrs-jobid-uSOuN5Y4J__SLASH__ZzpSvf__PLUS__uAgZw==&source=srp,"dashboards,sql,data analysis,data analytics,data reports,data analyst,business intelligence reporting,statistical analysis"
9,Data Analyst ,Jio Saavan,3 - 4 yrs,"Gurgaon,  Mumbai,  Bengaluru / Bangalore",https://www.timesjobs.com/job-detail/data-analyst-jio-saavan-gurgaon-mumbai-bengaluru-bangalore-3-to-4-yrs-jobid-lr1HqOpdOEtzpSvf__PLUS__uAgZw==&source=srp,"data mining,dashboards,sql,advanced analytics,data analysis,mobile,data analyst,analytics reporting,tableau"
10,Data Analyst ,reliance games pvt ltd,2 - 5 yrs,Pune,https://www.timesjobs.com/job-detail/data-analyst-reliance-games-pvt-ltd-pune-2-to-5-yrs-jobid-XWnwxp8MEAdzpSvf__PLUS__uAgZw==&source=srp,"dashboards,sql,data visualization,data analysis,data analyst,tableau,written communication"
11,Data Analyst ,Veeva Systems,0 - 3 yrs,China,https://www.timesjobs.com/job-detail/data-analyst-veeva-systems-china-0-to-3-yrs-jobid-gziX9I2uKb5zpSvf__PLUS__uAgZw==&source=srp,"bi,sql,crm,san,data analysis,customer success,information management,data analyst,tableau"
12,Data Analyst ,ANR SOFTWARE PVT LTD,0 - 1 yrs,Noida/Greater Noida,https://www.timesjobs.com/job-detail/data-analyst-anr-software-pvt-ltd-noida-greater-noida-0-to-1-yrs-jobid-wiKqbbFOouJzpSvf__PLUS__uAgZw==&source=srp,"data analytics,information management,sas,spss,data analyst,sql,data science,written communication"
13,Data Analyst ,legalwiz.in private limited,0 - 1 yrs,Ahmedabad,https://www.timesjobs.com/job-detail/data-analyst-legalwiz-in-private-limited-ahmedabad-0-to-1-yrs-jobid-Yg11HKMOaORzpSvf__PLUS__uAgZw==&source=srp,"information technology,data mining,data warehousing,storage,dashboards,data analyst,tableau,data visualization"
14,Data Analyst ,Nanobi data and analytics pvt ltd,7 - 9 yrs,Bengaluru / Bangalore,https://www.timesjobs.com/job-detail/data-analyst-nanobi-data-and-analytics-pvt-ltd-bengaluru-bangalore-7-to-9-yrs-jobid-Uep6ZgmCjuxzpSvf__PLUS__uAgZw==&source=srp,"sas,consulting,bi,spss,data analyst,sql,data science,data scientist"
15,Data Analyst ,Sustainable BPO LLP(More Jobs),5 - 10 yrs,₹Rs 4.50 - 6.00 Lacs p.a.,https://www.timesjobs.com/job-detail/data-analyst-sustainable-bpo-llp-other-city-s-in-gujarat-5-to-10-yrs-jobid-uTV20ZecwLpzpSvf__PLUS__uAgZw==&source=srp,"data analyst,data analyst executive,Business Analysis,Report Creation,business analyst,market research,IT business systems,analysis techniques,m"
16,Data Analyst ,Optimas Solutions,0 - 3 yrs,,https://www.timesjobs.com/job-detail/data-analyst-optimas-solutions-0-to-3-yrs-jobid-Xa2OFXwLAC1zpSvf__PLUS__uAgZw==&source=srp,"business requirements,data mining,bi,sql,data visualization,data analysis,director,business analytics,data analyst,tableau,infrastructure"
17,Data Analyst ,RGF Professional,4 - 8 yrs,Hyderabad/Secunderabad,https://www.timesjobs.com/job-detail/data-analyst-rgf-professional-hyderabad-secunderabad-4-to-8-yrs-jobid-lZ7dTnij5wlzpSvf__PLUS__uAgZw==&source=srp,"visualization,dashboards,data analytics,mining,data mining,bi,data scientist,data analysis,consulting,data analyst,tableau,analyst"
18,Data analyst ,Koch Global Business Services,4 - 7 yrs,Bengaluru / Bangalore,https://www.timesjobs.com/job-detail/data-analyst-koch-global-business-services-bengaluru-bangalore-4-to-7-yrs-jobid-HmqxyEZAmVxzpSvf__PLUS__uAgZw==&source=srp,"business requirements,information technology,dashboards,advanced analytics,data cleaning,bi,business solutions,sql,data science,solution design,data analysis,sas,spotfire,consulting,data analyst,tableau,consultant,analyst"
19,Data Analyst ,freshdesk,2 - 3 yrs,Chennai,https://www.timesjobs.com/job-detail/data-analyst-freshdesk-chennai-2-to-3-yrs-jobid-xFmH37LyYldzpSvf__PLUS__uAgZw==&source=srp,"business requirements,bi,sql,data visualization,crm,san,customer success,gap analysis,business environment,data analyst,tableau"
20,Data Analyst ,druva software,3 - 6 yrs,Pune,https://www.timesjobs.com/job-detail/data-analyst-druva-software-pune-3-to-6-yrs-jobid-qnD6aNfhumlzpSvf__PLUS__uAgZw==&source=srp,"bi,software management,dashboards,sql,data analysis,customer success,business analysis,business analytics,data analyst,alteryx,tableau"
21,Data Analyst ,ion trading india pvt. ltd.,0 - 3 yrs,Noida/Greater Noida,https://www.timesjobs.com/job-detail/data-analyst-ion-trading-india-pvt-ltd-noida-greater-noida-0-to-3-yrs-jobid-QDeB2K4ih45zpSvf__PLUS__uAgZw==&source=srp,"bi,dashboards,sql,trading systems,software engineering,data visualization,predictive analysis,electronic trading,data analysis,consulting,data analyst,written communication,infrastructure"
22,Data Analyst ,TE Connectivity Ltd,2 - 5 yrs,Bengaluru / Bangalore,https://www.timesjobs.com/job-detail/data-analyst-te-connectivity-ltd-bengaluru-bangalore-2-to-5-yrs-jobid-QFdA2diT4x5zpSvf__PLUS__uAgZw==&source=srp,"information technology,bi,dashboards,sql,database,solution design,crm,macros,data analysis,data analytics,sas,mining,data analyst,alteryx,tableau,business objects"
23,Data Analyst ,MRI Software LLC,0 - 9 yrs,South Africa,https://www.timesjobs.com/job-detail/data-analyst-mri-software-llc-south-africa-0-to-9-yrs-jobid-4isgRGhKav1zpSvf__PLUS__uAgZw==&source=srp,"business requirements,bi,debugging,data visualization,data analysis,analyst"
24,Data Analyst ,Nielsen Research Ltd. Co.,0 - 3 yrs,,https://www.timesjobs.com/job-detail/data-analyst-nielsen-research-ltd-co-0-to-3-yrs-jobid-nJlLAVuVi89zpSvf__PLUS__uAgZw==&source=srp,"market research,marketing communication,media planning"
25,Data Analyst ,Alstom Projects India Ltd.,3 - 5 yrs,South Africa,https://www.timesjobs.com/job-detail/data-analyst-alstom-projects-india-ltd-south-africa-3-to-5-yrs-jobid-UrcKOwSgUXFzpSvf__PLUS__uAgZw==&source=srp,"innovation,repair,implementation,ideas,safety standards,ehs,warranty,action,5s"
26,Data Analyst ,Schneider Electric Pvt Ltd,1 - 2 yrs,Mexico,https://www.timesjobs.com/job-detail/data-analyst-schneider-electric-pvt-ltd-mexico-1-to-2-yrs-jobid-lUj7bDqRU6tzpSvf__PLUS__uAgZw==&source=srp,"dml,sql,postgresql,big data,python,it skills,ms access,mx,ddl,forms"
27,Data Analyst ,Nielsen Research Ltd. Co.,1 - 2 yrs,,https://www.timesjobs.com/job-detail/data-analyst-nielsen-research-ltd-co-1-to-2-yrs-jobid-9xgrsHrSe3dzpSvf__PLUS__uAgZw==&source=srp,"python,team player,problem solving,sql,big data,cloud computing"
28,Data Analyst ,cba services private limited,0 - 3 yrs,Australia,https://www.timesjobs.com/job-detail/data-analyst-cba-services-private-limited-australia-0-to-3-yrs-jobid-376BB15RrAVzpSvf__PLUS__uAgZw==&source=srp,"bi,sql,requirement gathering,data analysis,data analytics,oracle,sas,tableau"
29,Data Analyst ,netradyne,5 - 8 yrs,Bengaluru / Bangalore,https://www.timesjobs.com/job-detail/data-analyst-netradyne-bengaluru-bangalore-5-to-8-yrs-jobid-Gi9wpwIIniNzpSvf__PLUS__uAgZw==&source=srp,"artificial intelligence,sql,security,web development,python,c,team player,machine learning,tandem"
30,Data Analyst ,advanced risk analytics private limited,0 - 3 yrs,Pune,https://www.timesjobs.com/job-detail/data-analyst-advanced-risk-analytics-private-limited-pune-0-to-3-yrs-jobid-TmPblskT8fVzpSvf__PLUS__uAgZw==&source=srp,"visualizing data,data collection,Flood data"
31,Data Analyst ,contactpoint 360,5 - 8 yrs,Gurgaon,https://www.timesjobs.com/job-detail/data-analyst-contactpoint-360-gurgaon-5-to-8-yrs-jobid-iVXJPx9KaqpzpSvf__PLUS__uAgZw==&source=srp,"reports,project reports,mis,reporting,excel"
32,Data Analyst ,contactpoint 360,5 - 8 yrs,Gurgaon,https://www.timesjobs.com/job-detail/data-analyst-contactpoint-360-gurgaon-5-to-8-yrs-jobid-QEL1pUHdjDRzpSvf__PLUS__uAgZw==&source=srp,"reports,project reports,mis,reporting,excel"
33,Data Analyst ,cardekho.com,3 - 5 yrs,Gurgaon,https://www.timesjobs.com/job-detail/data-analyst-cardekho-com-gurgaon-3-to-5-yrs-jobid-qryvhJ1JnnRzpSvf__PLUS__uAgZw==&source=srp,"market research,research,market"
34,Data Analyst ,TARGET,3 - 5 yrs,Bengaluru / Bangalore,https://www.timesjobs.com/job-detail/data-analyst-target-bengaluru-bangalore-3-to-5-yrs-jobid-M8ltxQOSWn5zpSvf__PLUS__uAgZw==&source=srp,"hive,hadoop,big data,reporting tools"
35,Data Analyst ,ConcertAI,2 - 5 yrs,,https://www.timesjobs.com/job-detail/data-analyst-concertai-2-to-5-yrs-jobid-e7pc8m62gixzpSvf__PLUS__uAgZw==&source=srp,"regression testing,bi,healthcare,sql,user acceptance testing,uat"
36,Data Analyst ,Ipseity Group,1 - 3 yrs,Bhopal,https://www.timesjobs.com/job-detail/data-analyst-ipseity-group-bhopal-1-to-3-yrs-jobid-ADc3ie9lzZBzpSvf__PLUS__uAgZw==&source=srp,"reports,vb,data collection,xml,procedures"
37,Data Analyst ,kpmg,0 - 3 yrs,Bengaluru / Bangalore,https://www.timesjobs.com/job-detail/data-analyst-kpmg-bengaluru-bangalore-0-to-3-yrs-jobid-__PLUS__0bXtmJqiGtzpSvf__PLUS__uAgZw==&source=srp,"Data Analysis,SQL queries,Database concepts"
38,Data Analyst ,APPLYCUP HIRING SOLUTIONS LLP,2 - 5 yrs,"Delhi,  Delhi/NCR",https://www.timesjobs.com/job-detail/data-analyst-applycup-hiring-solutions-llp-delhi-delhi-ncr-2-to-5-yrs-jobid-7gGd1uc6su5zpSvf__PLUS__uAgZw==&source=srp,"ssas,business intelligence,business intelligence tools,ssis,data integration"
39,Data Analyst ,BUSISOL SOURCING INDIA PVT. LTD,0 - 3 yrs,Mumbai,https://www.timesjobs.com/job-detail/data-analyst-busisol-sourcing-india-pvt-ltd-mumbai-0-to-3-yrs-jobid-ARJVvDp1IFtzpSvf__PLUS__uAgZw==&source=srp,"charts,data mining,formulas,relational database,sql server,reporting services"
40,Data Analyst ,ion trading india pvt. ltd.,0 - 3 yrs,Hong Kong,https://www.timesjobs.com/job-detail/data-analyst-ion-trading-india-pvt-ltd-hong-kong-0-to-3-yrs-jobid-Up8EjsxVUE1zpSvf__PLUS__uAgZw==&source=srp,"historical database,database inclusion,desktop research"
41,Data Analyst ,ion trading india pvt. ltd.,0 - 3 yrs,Hong Kong,https://www.timesjobs.com/job-detail/data-analyst-ion-trading-india-pvt-ltd-hong-kong-0-to-3-yrs-jobid-hMhrr__SLASH__ULJkdzpSvf__PLUS__uAgZw==&source=srp,"historical database,database inclusion,desktop research"
42,Data Analyst ,augmenter consulting,2 - 5 yrs,Mumbai,https://www.timesjobs.com/job-detail/data-analyst-augmenter-consulting-mumbai-2-to-5-yrs-jobid-LuSnCKPLWI9zpSvf__PLUS__uAgZw==&source=srp,"data mining,database design,data models"
43,Data Analysts ,kudosindia,0 - 3 yrs,Mumbai,https://www.timesjobs.com/job-detail/data-analysts-kudosindia-mumbai-0-to-3-yrs-jobid-v48SsInbeSRzpSvf__PLUS__uAgZw==&source=srp,"test cases,database,metrics,component testing"
44,Data analyst ,BUSISOL SOURCING INDIA PVT. LTD,0 - 3 yrs,Delhi,https://www.timesjobs.com/job-detail/data-analyst-busisol-sourcing-india-pvt-ltd-delhi-0-to-3-yrs-jobid-8prYmLkFDLdzpSvf__PLUS__uAgZw==&source=srp,"reports,charts,data mining,formulas,reporting services,relational database,sql server"
45,Data Analyst ,klevu oy,3 - 6 yrs,Ahmedabad,https://www.timesjobs.com/job-detail/data-analyst-klevu-oy-ahmedabad-3-to-6-yrs-jobid-5TaFNMPSKGdzpSvf__PLUS__uAgZw==&source=srp,"python,bi,problem solving,sql,nosql"
46,Data Analyst ,Travel Centric Technology,2 - 5 yrs,Bengaluru / Bangalore,https://www.timesjobs.com/job-detail/data-analyst-travel-centric-technology-bengaluru-bangalore-2-to-5-yrs-jobid-CvE6i__SLASH__GBMh5zpSvf__PLUS__uAgZw==&source=srp,"information technology,team player,sql"
47,Data Analyst ,APPLYCUP HIRING SOLUTIONS LLP,3 - 6 yrs,Pune,https://www.timesjobs.com/job-detail/data-analyst-applycup-hiring-solutions-llp-pune-3-to-6-yrs-jobid-jQ7DHW__PLUS__mKxlzpSvf__PLUS__uAgZw==&source=srp,"test data,sql queries,testing,sql"
48,Data Analyst ,Hexanika,0 - 3 yrs,Pune,https://www.timesjobs.com/job-detail/data-analyst-hexanika-pune-0-to-3-yrs-jobid-uV1krqn6UrlzpSvf__PLUS__uAgZw==&source=srp,"test data,sql queries,testing,sql"
49,Data Analyst ,LAKSH HUMAN RESOURCE,2 - 10 yrs,Thiruvananthapuram,https://www.timesjobs.com/job-detail/data-analyst-laksh-human-resource-thiruvananthapuram-2-to-10-yrs-jobid-6YNLJb70CnJzpSvf__PLUS__uAgZw==&source=srp,"algorithms,python,rdbms,data mining,machine learning,nosql,database,big data"
50,Data Analyst ,Schneider Electric Pvt Ltd,7 - 8 yrs,Gurgaon,https://www.timesjobs.com/job-detail/data-analyst-schneider-electric-pvt-ltd-gurgaon-7-to-8-yrs-jobid-61bCoJFM9aNzpSvf__PLUS__uAgZw==&source=srp,"usability,pim,e2e,jira,ms office suite,test cases,database,writing,information management"
51,Data Analyst ,dkatalis labs,0 - 3 yrs,Indonesia,https://www.timesjobs.com/job-detail/data-analyst-dkatalis-labs-indonesia-0-to-3-yrs-jobid-XL20zGoBejpzpSvf__PLUS__uAgZw==&source=srp,"bi,dashboards,sql,tableau,data science,data governance"
52,Data Analyst ,Epsilon,4 - 7 yrs,Bengaluru / Bangalore,https://www.timesjobs.com/job-detail/data-analyst-epsilon-bengaluru-bangalore-4-to-7-yrs-jobid-fM5NQwo0VFJzpSvf__PLUS__uAgZw==&source=srp,"artificial intelligence,sql,crm,python,sas,machine learning,identity management,sql programming"
53,Data Analyst ,APPLYCUP HIRING SOLUTIONS LLP,0 - 2 yrs,"Delhi,  Delhi/NCR",https://www.timesjobs.com/job-detail/data-analyst-applycup-hiring-solutions-llp-delhi-delhi-ncr-0-to-2-yrs-jobid-0jkIVQHYHxNzpSvf__PLUS__uAgZw==&source=srp,"database,bi,sql"
54,Data Analyst ,Saama Technologies Pvt Ltd,4 - 8 yrs,Pune,https://www.timesjobs.com/job-detail/data-analyst-saama-technologies-pvt-ltd-pune-4-to-8-yrs-jobid-ySWi1gBW0YhzpSvf__PLUS__uAgZw==&source=srp,"testing,uat,agile,sql"
55,Data Analyst ,XYLEM WATER SOLUTIONS INDIA PVT. LTD,1 - 3 yrs,China,https://www.timesjobs.com/job-detail/data-analyst-xylem-water-solutions-india-pvt-ltd-china-1-to-3-yrs-jobid-ROOV1z__SLASH__jRzNzpSvf__PLUS__uAgZw==&source=srp,"c,computer programming,artificial intelligence,sql,pattern recognition,python,infrastructure"
56,Data Analyst ,dynamic elements technologies  ( i )  pvt. ltd,3 - 6 yrs,Ahmedabad,https://www.timesjobs.com/job-detail/data-analyst-dynamic-elements-technologies-i-pvt-ltd-ahmedabad-3-to-6-yrs-jobid-__SLASH__XHlHLB4Zr9zpSvf__PLUS__uAgZw==&source=srp,"data mining,bi,consultant,etl tool,ssis,etl,informatica"
57,Data Analyst ,zf friedrichshafen -itc,3 - 6 yrs,Coimbatore,https://www.timesjobs.com/job-detail/data-analyst-zf-friedrichshafen-itc-coimbatore-3-to-6-yrs-jobid-06gyph7MMm5zpSvf__PLUS__uAgZw==&source=srp,"storage,sql,database,python,infrastructure"
58,Data Analyst ,APPLYCUP HIRING SOLUTIONS LLP,2 - 4 yrs,Indore,https://www.timesjobs.com/job-detail/data-analyst-applycup-hiring-solutions-llp-indore-2-to-4-yrs-jobid-l5630zdCBGhzpSvf__PLUS__uAgZw==&source=srp,"oogle Analytics, Adobe Analytics, Appsee, Glassbox, mobile, apps"
59,Data Analyst ,JobsLo Consultants,3 - 10 yrs,Bengaluru / Bangalore,https://www.timesjobs.com/job-detail/data-analyst-jobslo-consultants-bengaluru-bangalore-3-to-10-yrs-jobid-qM2XDFubQzhzpSvf__PLUS__uAgZw==&source=srp,"algorithms,python,machine learning,artificial neural networks"
60,Data Analyst ,BRICKRED TECHNOLOGIES PVT. LTD.,0 - 3 yrs,,https://www.timesjobs.com/job-detail/data-analyst-brickred-technologies-pvt-ltd-0-to-3-yrs-jobid-cIL37wcOmgtzpSvf__PLUS__uAgZw==&source=srp,"data mining,problem solving,sql"
61,Data Analyst ,NEXTWAVE MULTIMEDIA,2 - 4 yrs,Chennai,https://www.timesjobs.com/job-detail/data-analyst-nextwave-multimedia-chennai-2-to-4-yrs-jobid-W6GVP3PeKDpzpSvf__PLUS__uAgZw==&source=srp,"python,mobile games,sql,games"
62,DATA ANALYST ,mobileforce,0 - 3 yrs,Indonesia,https://www.timesjobs.com/job-detail/data-analyst-mobileforce-indonesia-0-to-3-yrs-jobid-ui__PLUS__OIaW1O0VzpSvf__PLUS__uAgZw==&source=srp,"website,campaigns,google analytics,social media"
63,Data Analyst ,Target Corporation India Pvt Ltd,0 - 3 yrs,Bengaluru / Bangalore,https://www.timesjobs.com/job-detail/data-analyst-target-corporation-india-pvt-ltd-bengaluru-bangalore-0-to-3-yrs-jobid-xTni8UUbNXhzpSvf__PLUS__uAgZw==&source=srp,"hive,sql,big data,technical skills,python,machine learning"
64,Data Analyst ,Enventure Technology Services,10 - 12 yrs,Bengaluru / Bangalore,https://www.timesjobs.com/job-detail/data-analyst-enventure-technology-services-bengaluru-bangalore-10-to-12-yrs-jobid-Vj43Pyl2BHtzpSvf__PLUS__uAgZw==&source=srp,"algorithms,python,oracle,information technology,bi,sql,java,business objects,mysql,big data"
65,Data Analyst ,ion trading india pvt. ltd.,0 - 3 yrs,Hong Kong,https://www.timesjobs.com/job-detail/data-analyst-ion-trading-india-pvt-ltd-hong-kong-0-to-3-yrs-jobid-UuSEEGHTA9pzpSvf__PLUS__uAgZw==&source=srp,"bonds,financial services,fixed income,financial markets"
66,Data Analyst ,Intel Technologies,0 - 3 yrs,Bengaluru / Bangalore,https://www.timesjobs.com/job-detail/data-analyst-intel-technologies-bengaluru-bangalore-0-to-3-yrs-jobid-orUh__SLASH__8Xt__SLASH__ixzpSvf__PLUS__uAgZw==&source=srp,"metadata,information technology,data quality,data integration,hosting,data warehousing,msbi"
67,Data Analyst ,DBS Bank India Limited,3 - 12 yrs,Mumbai,https://www.timesjobs.com/job-detail/data-analyst-dbs-bank-india-limited-mumbai-3-to-12-yrs-jobid-gogREAXoxU9zpSvf__PLUS__uAgZw==&source=srp,"hive,ds,sql,hadoop,python,sas,machine learning,nosql"
68,Data Analyst ,gsn games  ( tv )  india pvt ltd,2 - 5 yrs,,https://www.timesjobs.com/job-detail/data-analyst-gsn-games-tv-india-pvt-ltd-2-to-5-yrs-jobid-wFLxGlByBPZzpSvf__PLUS__uAgZw==&source=srp,"sql,java,games,python,mobile,javascript"
69,Data Analyst ,HR Helpboard,2 - 6 yrs,Noida/Greater Noida,https://www.timesjobs.com/job-detail/data-analyst-hr-helpboard-noida-greater-noida-2-to-6-yrs-jobid-IBGzjx9JPXBzpSvf__PLUS__uAgZw==&source=srp,"configuration,software installation,lan,hardware,wifi,IT hardware,epabx,broadband,it infrastructure"
70,Data Analyst ,CashKaro,4 - 7 yrs,Gurgaon,https://www.timesjobs.com/job-detail/data-analyst-cashkaro-gurgaon-4-to-7-yrs-jobid-__PLUS__7SYvEx9Pq5zpSvf__PLUS__uAgZw==&source=srp,"data analysis,data analytics,bi,dashboards,sql,tableau,advanced excel"
71,Data Analyst ,Electrobrain modern technologies pvt ltd(More Jobs),4 - 9 yrs,"Bengaluru / Bangalore,  Chennai,  Hyderabad/Secunderabad,  Mysoru / Mysore",https://www.timesjobs.com/job-detail/data-analyst-electrobrain-modern-technologies-pvt-ltd-bengaluru-bangalore-chennai-hyderabad-secunderabad-mysoru-mysore-4-to-9-yrs-jobid-42SMSs1ANZ9zpSvf__PLUS__uAgZw==&source=srp,"Data Integrity,Data Analytics,SQL Server,RDBMS,Metadata,Data Extractor,Linux,Hadoop,Python"
72,Data Analyst ,K Ponraj(More Jobs),1 - 6 yrs,₹Rs 1.05 - 2.25 Lacs p.a.,https://www.timesjobs.com/job-detail/data-analyst-k-ponraj-bengaluru-bangalore-chennai-bhuj-botad-anantnag-1-to-6-yrs-jobid-WCpF__PLUS__nHbXm1zpSvf__PLUS__uAgZw==&source=srp,"Customer service representative,assistant manager,agency manager,Store manager,manager,associate manager,Shopping cart attendant,Cashier,Custodian,Accountant"
73,Data Analyst ,HAPPY SQUARE OUTSOURCING SERVICES PVT.LTD.(More Jobs),4 - 8 yrs,₹Rs 6.00 - 12.00 Lacs p.a.,https://www.timesjobs.com/job-detail/data-analyst-white-force-outsourcing-pvt-ltd-bengaluru-bangalore-4-to-8-yrs-jobid-jeqmffubcd1zpSvf__PLUS__uAgZw==&source=srp,"power BI,Sql"
74,Data Analyst ,V P Placement(More Jobs),2 - 7 yrs,"Bengaluru / Bangalore,  Chennai,  Hyderabad/Secunderabad,  Abu Dhabi,  Bangladesh",https://www.timesjobs.com/job-detail/data-analyst-oil-gas-company-bengaluru-bangalore-chennai-hyderabad-secunderabad-abu-dhabi-bangladesh-2-to-7-yrs-jobid-xrQMYqixbudzpSvf__PLUS__uAgZw==&source=srp,"Data Analysis,data analyst,business analyst,research associate,senior financial analyst,Coordinator,system engineer,technical support engineer,system admin"
75,Data Analyst/Sr.Data Analyst ,Toluna India Pvt Ltd,3 - 6 yrs,Gurgaon,https://www.timesjobs.com/job-detail/data-analyst-sr-data-analyst-toluna-india-pvt-ltd-gurgaon-3-to-6-yrs-jobid-z6Kkf6G0V6lzpSvf__PLUS__uAgZw==&source=srp,"medical,research design,market research,consumer insights"
76,Data Analyst/Senior Data Analyst ,Binance,2 - 5 yrs,China,https://www.timesjobs.com/job-detail/data-analyst-senior-data-analyst-binance-china-2-to-5-yrs-jobid-lxB7vAosMPFzpSvf__PLUS__uAgZw==&source=srp,"c,sql,database management,java,python,sas,team player,machine learning,nosql,neo4j"
77,"Data Analyst,Senior Data Analyst,Data Analyst ",AppSoft Solutions(More Jobs),0 - 3 yrs,₹Rs 3.50 - 6.50 Lacs p.a.,https://www.timesjobs.com/job-detail/data-analyst-senior-data-analyst-data-analyst-appsoft-solutions-ahmedabad-bengaluru-bangalore-chennai-delhi-delhi-ncr-0-to-3-yrs-jobid-wcZ__SLASH__KEwZAgtzpSvf__PLUS__uAgZw==&source=srp,"Data Analyst, Senior Data Analyst, Data Analyst - Tech Lead,data profiling,data models,data collection"
78,"Data Analyst,Senior Data Analyst,Data Analyst ",AppSoft Solutions(More Jobs),0 - 3 yrs,₹Rs 3.50 - 6.50 Lacs p.a.,https://www.timesjobs.com/job-detail/data-analyst-senior-data-analyst-data-analyst-appsoft-solutions-hyderabad-secunderabad-kolkata-mumbai-noida-greater-noida-pune-0-to-3-yrs-jobid-h8vuw5E99hFzpSvf__PLUS__uAgZw==&source=srp,"Data Analyst, Senior Data Analyst, Data Analyst - Tech Lead,data profiling,data models,data collection"
79,"Clinical Data Analyst ",ICON PLC,0 - 3 yrs,Mexico,https://www.timesjobs.com/job-detail/clinical-data-analyst-icon-plc-mexico-0-to-3-yrs-jobid-FfVvb__SLASH__5VFexzpSvf__PLUS__uAgZw==&source=srp,"clinical data analyst,clinical research"
80,"Clinical Data Analyst ",ICON PLC,0 - 3 yrs,Mexico,https://www.timesjobs.com/job-detail/clinical-data-analyst-icon-plc-mexico-0-to-3-yrs-jobid-qNqcEQ62S3ZzpSvf__PLUS__uAgZw==&source=srp,"clinical data analyst,clinical research"
81,Data Analyst /Business Analyst ,cardekho.com,0 - 3 yrs,Gurgaon,https://www.timesjobs.com/job-detail/data-analyst-business-analyst-cardekho-com-gurgaon-0-to-3-yrs-jobid-YtTcuySblL1zpSvf__PLUS__uAgZw==&source=srp,"mobile,business analyst,dashboards,data analyst,analyst"
82,Data Analyst /Business Analyst ,cardekho.com,0 - 3 yrs,Gurgaon,https://www.timesjobs.com/job-detail/data-analyst-business-analyst-cardekho-com-gurgaon-0-to-3-yrs-jobid-Evp__SLASH____SLASH__ugDqrlzpSvf__PLUS__uAgZw==&source=srp,"mobile,business analyst,dashboards,data analyst,analyst"
83,Data Analyst /Business Analyst ,cardekho.com,0 - 3 yrs,Gurgaon,https://www.timesjobs.com/job-detail/data-analyst-business-analyst-cardekho-com-gurgaon-0-to-3-yrs-jobid-V7z5srPZOvpzpSvf__PLUS__uAgZw==&source=srp,"mobile,business analyst,dashboards,data analyst,analyst"
84,Data Analyst /Business Analyst ,cardekho.com,0 - 3 yrs,Gurgaon,https://www.timesjobs.com/job-detail/data-analyst-business-analyst-cardekho-com-gurgaon-0-to-3-yrs-jobid-rP__PLUS__LJ3BxnaxzpSvf__PLUS__uAgZw==&source=srp,"mobile,business analyst,dashboards,data analyst,analyst"
85,"Senior Data Analyst ",cba services private limited,0 - 3 yrs,Australia,https://www.timesjobs.com/job-detail/senior-data-analyst-cba-services-private-limited-australia-0-to-3-yrs-jobid-LKkHewhRC0JzpSvf__PLUS__uAgZw==&source=srp,"Data Analyst ,decision making, engage business"
86,Data Analyst Required InSingapore ,CLOUD VISA IMMIGRATION LLP(More Jobs),3 - 8 yrs,₹Rs 50.50 - 70.00 Lacs p.a.,https://www.timesjobs.com/job-detail/data-analyst-required-in-singapore-cloud-visa-immigration-llp-singapore-3-to-8-yrs-jobid-ZT3Mx4ajUUpzpSvf__PLUS__uAgZw==&source=srp,"Data analyst,data developer,developer"
87,"Pricing Data Analyst ",Schneider Electric Pvt Ltd,0 - 3 yrs,Philippines,https://www.timesjobs.com/job-detail/pricing-data-analyst-schneider-electric-pvt-ltd-philippines-0-to-3-yrs-jobid-NgkA9Q7de5BzpSvf__PLUS__uAgZw==&source=srp,"dashboards,data analyst,tableau,written communication,analyst"
88,"Aftermarket Data Analyst ",Textron India Pvt Ltd,0 - 3 yrs,,https://www.timesjobs.com/job-detail/aftermarket-data-analyst-textron-india-pvt-ltd-0-to-3-yrs-jobid-rLorEu0tP2JzpSvf__PLUS__uAgZw==&source=srp,"Data Analyst,Complete data,customer database"
89,Data Analyst: CPR ,RGF Professional,0 - 3 yrs,Gurgaon,https://www.timesjobs.com/job-detail/data-analyst-cpr-rgf-professional-gurgaon-0-to-3-yrs-jobid-bqKLc2QHnC5zpSvf__PLUS__uAgZw==&source=srp,"team player, generate hypotheses, Data Analyst"
90,"Senior Data Analyst ",CERNER,0 - 3 yrs,Bengaluru / Bangalore,https://www.timesjobs.com/job-detail/senior-data-analyst-cerner-bengaluru-bangalore-0-to-3-yrs-jobid-Z0Nd1WLKngVzpSvf__PLUS__uAgZw==&source=srp,"data analytics,data analysis,data analyst"
91,"Business Data Analyst ",Incuspaze,3 - 4 yrs,Gurgaon,https://www.timesjobs.com/job-detail/business-data-analyst-incuspaze-gurgaon-3-to-4-yrs-jobid-XZ29dMOUQPZzpSvf__PLUS__uAgZw==&source=srp,"data analytics,gif,business reporting,business analysis,data analyst"
92,"Senior Data Analyst ",cba services private limited,4 - 6 yrs,Australia,https://www.timesjobs.com/job-detail/senior-data-analyst-cba-services-private-limited-australia-4-to-6-yrs-jobid-2OKigXGrCu5zpSvf__PLUS__uAgZw==&source=srp,"user stories,sql,data analysis,business analysis,data analyst"
93,Data Analyst( Python ),alliance recruitment agency,2 - 8 yrs,Switzerland,https://www.timesjobs.com/job-detail/data-analyst-python-alliance-recruitment-agency-switzerland-2-to-8-yrs-jobid-EuV7B2l__PLUS__jN9zpSvf__PLUS__uAgZw==&source=srp,"data analysis,data analyst,vba,business consulting,analyst"
94,"Senior Data Analyst ",gsn games  ( tv )  india pvt ltd,5 - 8 yrs,Bengaluru / Bangalore,https://www.timesjobs.com/job-detail/senior-data-analyst-gsn-games-tv-india-pvt-ltd-bengaluru-bangalore-5-to-8-yrs-jobid-3jUQcrEOWbNzpSvf__PLUS__uAgZw==&source=srp,"spss,sql,statistical modeling,sas,mobile,data analyst,tableau"
95,"Senior Data Analyst ",Indium Software India Pvt Ltd,4 - 7 yrs,Chennai,https://www.timesjobs.com/job-detail/senior-data-analyst-indium-software-india-pvt-ltd-chennai-4-to-7-yrs-jobid-IlDTQ1cpDzRzpSvf__PLUS__uAgZw==&source=srp,"tableau,business requirements,bi,data analyst,alteryx,sql"
96,Data Analyst - Looker ,APPLYCUP HIRING SOLUTIONS LLP,0 - 1 yrs,"Delhi,  Delhi/NCR",https://www.timesjobs.com/job-detail/data-analyst-looker-applycup-hiring-solutions-llp-delhi-delhi-ncr-0-to-1-yrs-jobid-Vkgb2ZtqhwFzpSvf__PLUS__uAgZw==&source=srp,"visualization,business requirements,bi,dashboards,data analyst,sql,tableau,security"
97,"MSBI Data Analyst ",HARMAN INTERNATIONAL,5 - 6 yrs,Bengaluru / Bangalore,https://www.timesjobs.com/job-detail/msbi-data-analyst-harman-international-bengaluru-bangalore-5-to-6-yrs-jobid-aFfJbkQIAp5zpSvf__PLUS__uAgZw==&source=srp,"data analysis,bi,business analysis,dashboards,data analyst"
98,"BI DATA ANALYST ",teltonika india,3 - 6 yrs,,https://www.timesjobs.com/job-detail/bi-data-analyst-teltonika-india-3-to-6-yrs-jobid-S__PLUS__aeAuBBredzpSvf__PLUS__uAgZw==&source=srp,"bi,telematics,dashboards,sql,use cases,data analyst,tableau"
99,Data Analyst( SQL ),APPLYCUP HIRING SOLUTIONS LLP,0 - 3 yrs,Surat,https://www.timesjobs.com/job-detail/data-analyst-sql-applycup-hiring-solutions-llp-surat-0-to-3-yrs-jobid-HG7emqsRg3BzpSvf__PLUS__uAgZw==&source=srp,"data analysis,ms access,data analyst,sql,database,vba"
100,"Product Data Analyst ",Binance,0 - 3 yrs,France,https://www.timesjobs.com/job-detail/product-data-analyst-binance-france-0-to-3-yrs-jobid-Vj93QXEuLLtzpSvf__PLUS__uAgZw==&source=srp,"dashboards,sql,data analytics,data analysis,data analyst,data governance"
101,"Clinical Data Analyst ",ICON PLC,3 - 6 yrs,,https://www.timesjobs.com/job-detail/clinical-data-analyst-icon-plc-3-to-6-yrs-jobid-z1I3QxoEgIBzpSvf__PLUS__uAgZw==&source=srp,"data manager,clinical study,cro,clinical research associate,clinical data analyst,clinical,clinical research,interpretation"
102,"Senior Data Analyst ",AlphaSense,5 - 8 yrs,Pune,https://www.timesjobs.com/job-detail/senior-data-analyst-alphasense-pune-5-to-8-yrs-jobid-aF1R__PLUS__O2iI5hzpSvf__PLUS__uAgZw==&source=srp,"visualization,bi,business analyst,dashboards,sql,data analysis,consulting,data analyst,analytics reporting,tableau,infrastructure"
103,"Staff Data Analyst ",AlphaSense,5 - 8 yrs,Bengaluru / Bangalore,https://www.timesjobs.com/job-detail/staff-data-analyst-alphasense-bengaluru-bangalore-5-to-8-yrs-jobid-__SLASH__UdcFVYxBNFzpSvf__PLUS__uAgZw==&source=srp,"visualization,bi,business analyst,dashboards,sql,data analysis,consulting,data analyst,analytics reporting,tableau,infrastructure"
104,"Sr Data Analyst ",TARGET,6 - 9 yrs,Bengaluru / Bangalore,https://www.timesjobs.com/job-detail/sr-data-analyst-target-bengaluru-bangalore-6-to-9-yrs-jobid-LqzbnMRgM5FzpSvf__PLUS__uAgZw==&source=srp,"dashboards,sql,data analysis,data analytics,data reports,data analyst,business intelligence reporting,statistical analysis"
105,"Senior Reporting Data Analyst ",ameriprise financials,5 - 7 yrs,,https://www.timesjobs.com/job-detail/senior-reporting-data-analyst-ameriprise-financials-5-to-7-yrs-jobid-Oy99pOxIPadzpSvf__PLUS__uAgZw==&source=srp,"visualization,use cases,visual basic,business process analysis,data analyst,tableau,data governance"
106,Data Analyst Internship in Mumbai ,Maxgen Technologies(More Jobs),0 - 1 yrs,"Mumbai,  Dombivali,  Kalyan,  Navi Mumbai,  Thane",https://www.timesjobs.com/job-detail/data-analyst-internship-in-mumbai-maxgen-technologies-mumbai-dombivali-kalyan-navi-mumbai-thane-0-to-1-yrs-jobid-Pp6T9GGgwhNzpSvf__PLUS__uAgZw==&source=srp,data analyst
107,"Support Data Analyst ",Nielsen Research Ltd. Co.,1 - 4 yrs,Philippines,https://www.timesjobs.com/job-detail/support-data-analyst-nielsen-research-ltd-co-philippines-1-to-4-yrs-jobid-yQWFUoRy4WpzpSvf__PLUS__uAgZw==&source=srp,"information technology,data analysis,data analytics,sas,data analyst,written communication"
108,"Senior Data Analyst ",CAPITAL ONE FINANCIAL SERVICES CLIENT,5 - 8 yrs,,https://www.timesjobs.com/job-detail/senior-data-analyst-capital-one-financial-services-client-5-to-8-yrs-jobid-E3QydR9XJURzpSvf__PLUS__uAgZw==&source=srp,"visualization,dashboards,sql,security,statistical modeling,data visualization,san,data analytics,data analyst,data governance,forms"
109,"Principal Data Analyst ",CAPITAL ONE FINANCIAL SERVICES CLIENT,5 - 8 yrs,,https://www.timesjobs.com/job-detail/principal-data-analyst-capital-one-financial-services-client-5-to-8-yrs-jobid-aC__SLASH__OCZCqwtRzpSvf__PLUS__uAgZw==&source=srp,"visualization,dashboards,sql,security,statistical modeling,data visualization,san,data analytics,data analyst,data governance,forms"
110,"Customer Data Analyst ",Exela Technologies,5 - 8 yrs,Pune,https://www.timesjobs.com/job-detail/customer-data-analyst-exela-technologies-pune-5-to-8-yrs-jobid-b1lk79b6qsNzpSvf__PLUS__uAgZw==&source=srp,"data analysis,business analysis,business analyst,data analyst,customer analysis,advanced excel,documentation skills"
111,"Opening for Data Analyst ",Jobuss resources pvt ltd(More Jobs),1 - 4 yrs,Mumbai,https://www.timesjobs.com/job-detail/opening-for-data-analyst-jobuss-resources-pvt-ltd-mumbai-1-to-4-yrs-jobid-udMTuP1HsCNzpSvf__PLUS__uAgZw==&source=srp,"MIS,""MS access"",""data analyst"",""advance excel"",""data analysis"""
112,"Senior Data Analyst ",cardekho.com,2 - 4 yrs,Gurgaon,https://www.timesjobs.com/job-detail/senior-data-analyst-cardekho-com-gurgaon-2-to-4-yrs-jobid-1CEGDISGDHtzpSvf__PLUS__uAgZw==&source=srp,"bi,dashboards,sql,data science,data visualization,data analytics,mobile,business analytics,data analyst,tableau"
113,"Clinical Data Analyst ",ICON PLC,3 - 4 yrs,,https://www.timesjobs.com/job-detail/clinical-data-analyst-icon-plc-3-to-4-yrs-jobid-V1nMdQByMKFzpSvf__PLUS__uAgZw==&source=srp,"ich,cra,gcp,clinical trials,clinical study,cro,clinical data analyst,clinical,clinical research,interpretation,pharma"
114,"Principal Data Analyst ",CAPITAL ONE FINANCIAL SERVICES CLIENT,2 - 8 yrs,,https://www.timesjobs.com/job-detail/principal-data-analyst-capital-one-financial-services-client-2-to-8-yrs-jobid-dQg74fyUsNVzpSvf__PLUS__uAgZw==&source=srp,"visualization,dashboards,sql,security,statistical modeling,data visualization,san,data analytics,data analyst,data governance,forms"
115,"Principal Data Analyst ",CAPITAL ONE FINANCIAL SERVICES CLIENT,2 - 8 yrs,,https://www.timesjobs.com/job-detail/principal-data-analyst-capital-one-financial-services-client-2-to-8-yrs-jobid-sG0P5__SLASH__Qe5ENzpSvf__PLUS__uAgZw==&source=srp,"visualization,dashboards,sql,security,statistical modeling,data visualization,san,data analytics,data analyst,data governance,forms"
116,"Principal Data Analyst ",CAPITAL ONE FINANCIAL SERVICES CLIENT,2 - 8 yrs,,https://www.timesjobs.com/job-detail/principal-data-analyst-capital-one-financial-services-client-2-to-8-yrs-jobid-n1mA7nYnrdFzpSvf__PLUS__uAgZw==&source=srp,"visualization,dashboards,sql,security,statistical modeling,data visualization,san,data analytics,data analyst,data governance,forms"
117,"Principal Data Analyst ",CAPITAL ONE FINANCIAL SERVICES CLIENT,2 - 8 yrs,,https://www.timesjobs.com/job-detail/principal-data-analyst-capital-one-financial-services-client-2-to-8-yrs-jobid-D9gssnGxJuBzpSvf__PLUS__uAgZw==&source=srp,"visualization,dashboards,sql,security,statistical modeling,data visualization,san,data analytics,data analyst,data governance,forms"
118,"Senior Data Analyst ",CAPITAL ONE FINANCIAL SERVICES CLIENT,5 - 8 yrs,,https://www.timesjobs.com/job-detail/senior-data-analyst-capital-one-financial-services-client-5-to-8-yrs-jobid-L2r6VZ9OoXdzpSvf__PLUS__uAgZw==&source=srp,"visualization,dashboards,sql,security,statistical modeling,data visualization,san,data analytics,data analyst,data governance,forms"
119,"Senior Data Analyst ",CAPITAL ONE FINANCIAL SERVICES CLIENT,5 - 8 yrs,,https://www.timesjobs.com/job-detail/senior-data-analyst-capital-one-financial-services-client-5-to-8-yrs-jobid-nMwRvaYoGfBzpSvf__PLUS__uAgZw==&source=srp,"visualization,dashboards,sql,security,statistical modeling,data visualization,san,data analytics,data analyst,data governance,forms"
120,"Principal Data Analyst ",CAPITAL ONE FINANCIAL SERVICES CLIENT,2 - 8 yrs,,https://www.timesjobs.com/job-detail/principal-data-analyst-capital-one-financial-services-client-2-to-8-yrs-jobid-odiVH6nZ7qFzpSvf__PLUS__uAgZw==&source=srp,"visualization,dashboards,sql,security,statistical modeling,data visualization,san,data analytics,data analyst,data governance,forms"
121,"Senior Data Analyst ",CAPITAL ONE FINANCIAL SERVICES CLIENT,5 - 8 yrs,,https://www.timesjobs.com/job-detail/senior-data-analyst-capital-one-financial-services-client-5-to-8-yrs-jobid-EO86QEZR__PLUS__jJzpSvf__PLUS__uAgZw==&source=srp,"visualization,dashboards,sql,security,statistical modeling,data visualization,san,data analytics,data analyst,data governance,forms"
122,Data Analyst - Looker ,vinayak solutions pvt. limited,0 - 1 yrs,Delhi,https://www.timesjobs.com/job-detail/data-analyst-looker-vinayak-solutions-pvt-limited-delhi-0-to-1-yrs-jobid-Qz3d8X1UiJdzpSvf__PLUS__uAgZw==&source=srp,"visualization,data analysis,business requirements,consulting,bi,dashboards,data analyst,sql,security,tableau"
123,"Senior Data Analyst Manager ",CAPITAL ONE FINANCIAL SERVICES CLIENT,2 - 10 yrs,,https://www.timesjobs.com/job-detail/senior-data-analyst-manager-capital-one-financial-services-client-2-to-10-yrs-jobid-Nkox78V2D8BzpSvf__PLUS__uAgZw==&source=srp,"statistical modeling,san,data analytics,data analysis,predictive analytics,data analyst,data governance"
124,"Senior Data Analyst ",99games online private limited,5 - 8 yrs,Bengaluru / Bangalore,https://www.timesjobs.com/job-detail/senior-data-analyst-99games-online-private-limited-bengaluru-bangalore-5-to-8-yrs-jobid-izaTVhcNBnxzpSvf__PLUS__uAgZw==&source=srp,"data mining,dashboards,data scientist,crm,data analytics,data analysis,data analyst,tableau,predictive modeling,analyst"
125,"Business Data Analyst ",Infosys Technologies Ltd,4 - 7 yrs,,https://www.timesjobs.com/job-detail/business-data-analyst-infosys-technologies-ltd-4-to-7-yrs-jobid-WNtdTNiFPQhzpSvf__PLUS__uAgZw==&source=srp,"information technology,bi,sql,requirement gathering,data analysis,consulting,data analyst,consultant,data governance"
126,Data Analyst Alteryx ,Maximus Human Resources Pvt Ltd.,3 - 5 yrs,"Hyderabad/Secunderabad,  Gurgaon,  Bengaluru / Bangalore",https://www.timesjobs.com/job-detail/data-analyst-alteryx-maximus-human-resources-pvt-ltd-hyderabad-secunderabad-gurgaon-bengaluru-bangalore-3-to-5-yrs-jobid-W__SLASH__CYhBxtOqFzpSvf__PLUS__uAgZw==&source=srp,"bi,dashboards,sql,advanced excel,data visualization,mobile,data analyst,alteryx,tableau"
127,"Sales Data Analyst ",BrowserStack,9 - 12 yrs,Mumbai,https://www.timesjobs.com/job-detail/sales-data-analyst-browserstack-mumbai-9-to-12-yrs-jobid-GHOa9oHnGsFzpSvf__PLUS__uAgZw==&source=srp,"bi,spss,dashboards,sql,data visualization,data analytics,information management,sas,predictive analytics,data analyst,infrastructure"
128,"Senior Data Analyst ",BigTapp India Pvt Ltd,5 - 8 yrs,Chennai,https://www.timesjobs.com/job-detail/senior-data-analyst-bigtapp-india-pvt-ltd-chennai-5-to-8-yrs-jobid-F47NsOe__PLUS__kdtzpSvf__PLUS__uAgZw==&source=srp,"visualization,dashboards,sql,data science,use cases,business analytics,data analyst,infrastructure"
129,"Senior Data Analyst - Cartography ",Gojek,5 - 8 yrs,Bengaluru / Bangalore,https://www.timesjobs.com/job-detail/senior-data-analyst-cartography-gojek-bengaluru-bangalore-5-to-8-yrs-jobid-fq4Qzw0FkV5zpSvf__PLUS__uAgZw==&source=srp,"dashboards,sql,data visualization,advanced analytics,data analysis,business analytics,mining,cartography,data analyst,tableau"
130,"Senior Data Analyst ",qs quacquarelli symonds india pvt ltd,5 - 8 yrs,Malaysia,https://www.timesjobs.com/job-detail/senior-data-analyst-qs-quacquarelli-symonds-india-pvt-ltd-malaysia-5-to-8-yrs-jobid-FlMcAmnStFJzpSvf__PLUS__uAgZw==&source=srp,"data analysis,information management,bi,dashboards,data analyst,sql,tableau,data science"
131,"Finance Data Analyst ",TIBCO Software India Pvt Ltd,3 - 6 yrs,,https://www.timesjobs.com/job-detail/finance-data-analyst-tibco-software-india-pvt-ltd-3-to-6-yrs-jobid-py17zc6kjsJzpSvf__PLUS__uAgZw==&source=srp,"visualization,bi,dashboards,sql,database,crm,oracle,spotfire,business reporting,business analytics,interconnect,data analyst,tableau"
132,"Business Data Analyst - Latam ",Binance,1 - 3 yrs,,https://www.timesjobs.com/job-detail/business-data-analyst-latam-binance-1-to-3-yrs-jobid-l4l3RCve4__PLUS__NzpSvf__PLUS__uAgZw==&source=srp,"bi,sql,data visualization,advanced analytics,data analysis,business analysis,data analyst,tableau"
133,"Senior Data Analyst ",cardekho.com,2 - 4 yrs,Gurgaon,https://www.timesjobs.com/job-detail/senior-data-analyst-cardekho-com-gurgaon-2-to-4-yrs-jobid-Dlp0LhvwoLxzpSvf__PLUS__uAgZw==&source=srp,"bi,dashboards,sql,data science,data visualization,data analytics,mobile,business analytics,data analyst,tableau"
134,"Sr. Data Analyst ",TARGET,4 - 7 yrs,Bengaluru / Bangalore,https://www.timesjobs.com/job-detail/sr-data-analyst-target-bengaluru-bangalore-4-to-7-yrs-jobid-vxcGiFj28FpzpSvf__PLUS__uAgZw==&source=srp,"sql,data analytics,data analysis,data analyst,business intelligence reporting,predictive modeling"
135,"BI Data Analyst ",Logitech Engineering & Designs India Pvt Ltd,1 - 4 yrs,Chennai,https://www.timesjobs.com/job-detail/bi-data-analyst-logitech-engineering-designs-india-pvt-ltd-chennai-1-to-4-yrs-jobid-PCQX2KJ2gb1zpSvf__PLUS__uAgZw==&source=srp,"bi,spss,dashboards,sql,database,data visualization,pl/sql,macros,data analysis,data analyst,tableau,written communication,statistical analysis,unix"
136,Data Analyst Internship in Ahmedabad ,Maxgen Technologies(More Jobs),0 - 1 yrs,"Ahmedabad,  Anand,  Bhavnagar,  Rajkot,  Surat",https://www.timesjobs.com/job-detail/data-analyst-internship-in-ahmedabad-maxgen-technologies-ahmedabad-anand-bhavnagar-rajkot-surat-0-to-1-yrs-jobid-ZBHok5Ol1zpzpSvf__PLUS__uAgZw==&source=srp,data analyst
137,Data Analyst 2 ,Epsilon,2 - 5 yrs,Bengaluru / Bangalore,https://www.timesjobs.com/job-detail/data-analyst-2-epsilon-bengaluru-bangalore-2-to-5-yrs-jobid-kApLZTA0YVlzpSvf__PLUS__uAgZw==&source=srp,"dashboards,sql,data science,base sas,data analytics,data analysis,sas,system management,sas programming,data analyst,unix"
138,Data Analyst 2 ,PUBLICIS GROUPE,2 - 5 yrs,Bengaluru / Bangalore,https://www.timesjobs.com/job-detail/data-analyst-2-publicis-groupe-bengaluru-bangalore-2-to-5-yrs-jobid-Yfgdf7__SLASH__RUoRzpSvf__PLUS__uAgZw==&source=srp,"dashboards,sql,data science,base sas,data analytics,data analysis,sas,system management,sas programming,data analyst,unix"
139,"CRM Data Analyst ",AL-FUTTAIM GROUP,5 - 8 yrs,Dubai,https://www.timesjobs.com/job-detail/crm-data-analyst-al-futtaim-group-dubai-5-to-8-yrs-jobid-mP50bDnjq4ZzpSvf__PLUS__uAgZw==&source=srp,"dashboards,bi,data warehousing,sql,data visualization,crm,customer analytics,data analysis,data analyst,tableau"
140,"Securities Reference Data Analyst ",Citibank India,8 - 12 yrs,Pune,https://www.timesjobs.com/job-detail/securities-reference-data-analyst-citibank-india-pune-8-to-12-yrs-jobid-a2t3ChmQCRJzpSvf__PLUS__uAgZw==&source=srp,"business process reengineering,business modeling,storage,business analyst,sql,product implementation,functional specifications,data analysis,business analysis,requirement specification,data analyst,business process,fsd,visio"
141,"Senior Data Analyst ",WALMART INDIA,4 - 7 yrs,,https://www.timesjobs.com/job-detail/senior-data-analyst-walmart-india-4-to-7-yrs-jobid-3eJbLfLjEwlzpSvf__PLUS__uAgZw==&source=srp,"visualization,business requirements,information technology,use cases,data analytics,oracle,bi,sql,data science,data visualization,data analysis,big data analytics,mobile,data analyst,tableau"
142,"eCommerce Data Analyst Europe ",Schneider Electric Pvt Ltd,6 - 9 yrs,,https://www.timesjobs.com/job-detail/ecommerce-data-analyst-europe-schneider-electric-pvt-ltd-6-to-9-yrs-jobid-JSbunEOsCGpzpSvf__PLUS__uAgZw==&source=srp,"bi,dashboards,use cases,statistical modeling,data visualization,data analysis,predictive analytics,business analysis,data analyst,tableau,infrastructure"
143,"Senior Data Analyst ",WALMART INDIA,4 - 7 yrs,,https://www.timesjobs.com/job-detail/senior-data-analyst-walmart-india-4-to-7-yrs-jobid-gkE1MXtRgLtzpSvf__PLUS__uAgZw==&source=srp,"information technology,data mining,bi,sql,data science,san,data analytics,data analysis,business analytics,data analyst,tableau,written communication,statistical analysis"
144,"Associate ,Data Analyst ",DBS Bank Ltd,2 - 3 yrs,Singapore,https://www.timesjobs.com/job-detail/associate-data-analyst-dbs-bank-ltd-singapore-2-to-3-yrs-jobid-Q7Wk3BriaEJzpSvf__PLUS__uAgZw==&source=srp,"business requirements,sql,project leader,data science,data scientist,data visualization,advanced analytics,data analytics,business analytics,data analyst,tableau,infrastructure,forms"
145,"Business Data Analyst - bigtapp ",BigTapp India Pvt Ltd,3 - 5 yrs,Singapore,https://www.timesjobs.com/job-detail/business-data-analyst-bigtapp-bigtapp-india-pvt-ltd-singapore-3-to-5-yrs-jobid-nzMvnMjM459zpSvf__PLUS__uAgZw==&source=srp,"business requirements,bi,data warehousing,business analyst,sql,database,data visualization,requirement analysis,data analysis,data analyst,business requirement analysis,tableau"
146,"Lead Data Analyst ",Epsilon,13 - 16 yrs,Bengaluru / Bangalore,https://www.timesjobs.com/job-detail/lead-data-analyst-epsilon-bengaluru-bangalore-13-to-16-yrs-jobid-OuMtyeyndk5zpSvf__PLUS__uAgZw==&source=srp,"sql,cluster analysis,crm,data analysis,sas,consulting,system management,data analyst,factor analysis,identity management,written communication,sas/sql,statistical analysis,sas access"
147,"Lead Data Analyst ",PUBLICIS GROUPE,13 - 16 yrs,Bengaluru / Bangalore,https://www.timesjobs.com/job-detail/lead-data-analyst-publicis-groupe-bengaluru-bangalore-13-to-16-yrs-jobid-dZGRcToqrMZzpSvf__PLUS__uAgZw==&source=srp,"sql,cluster analysis,crm,data analysis,sas,consulting,system management,data analyst,factor analysis,identity management,written communication,sas/sql,statistical analysis,sas access"
148,Data Analyst/Business Analyst ,SLA Consultants India,3 - 5 yrs,"Noida/Greater Noida,  Gurgaon,  Delhi,  Delhi/NCR",https://www.timesjobs.com/job-detail/data-analyst-business-analyst-sla-consultants-india-noida-greater-noida-gurgaon-delhi-delhi-ncr-3-to-5-yrs-jobid-tnz3VmbO75dzpSvf__PLUS__uAgZw==&source=srp,"process analyst,dashboards,ms access,vba,bi,business analyst,sql,advanced excel,data"
149,"Operation Data analyst ",Nielsen Research Ltd. Co.,2 - 5 yrs,Israel,https://www.timesjobs.com/job-detail/operation-data-analyst-nielsen-research-ltd-co-israel-2-to-5-yrs-jobid-rtRcwltM0KFzpSvf__PLUS__uAgZw==&source=srp,"bi,team player,sql,nosql,big data,mongodb"
150,"Senior Data Analyst ",Clear Trail Technologies Pvt Ltd,4 - 8 yrs,"Hyderabad/Secunderabad,  Noida/Greater Noida,  Mumbai,  Jaipur,  Bengaluru / Bangalore",https://www.timesjobs.com/job-detail/senior-data-analyst-clear-trail-technologies-pvt-ltd-hyderabad-secunderabad-noida-greater-noida-mumbai-jaipur-bengaluru-bangalore-4-to-8-yrs-jobid-HstKUpQFl9xzpSvf__PLUS__uAgZw==&source=srp,"artificial intelligence,oracle bi,big data,python,user documentation,soap,bi,system administration,linux,perl,rest,os,machine learning,windows,written communication"
151,"Senior Data Analyst ",avtar steel limited,4 - 5 yrs,Chennai,https://www.timesjobs.com/job-detail/senior-data-analyst-avtar-steel-limited-chennai-4-to-5-yrs-jobid-r__SLASH__rZtUeO5PVzpSvf__PLUS__uAgZw==&source=srp,"cleaning data, Formulating, suggesting, data-driven projects"
152,"Consultant - Data Analyst ",AstraZeneca Ltd,0 - 3 yrs,Chennai,https://www.timesjobs.com/job-detail/consultant-data-analyst-astrazeneca-ltd-chennai-0-to-3-yrs-jobid-r103NqLzgw1zpSvf__PLUS__uAgZw==&source=srp,"python,oracle,c,information technology,consultant"
153,Data Analyst-Fiat ,Binance,4 - 7 yrs,China,https://www.timesjobs.com/job-detail/data-analyst-fiat-binance-china-4-to-7-yrs-jobid-EJ2yZ__SLASH____SLASH__wunxzpSvf__PLUS__uAgZw==&source=srp,"hive,python,bi,sql,hadoop,big data"
154,"Senior Data Analyst ",ClearTrail Technologies,4 - 8 yrs,"Hyderabad/Secunderabad,  Pune,  Jaipur,  Bengaluru / Bangalore",https://www.timesjobs.com/job-detail/senior-data-analyst-cleartrail-technologies-hyderabad-secunderabad-pune-jaipur-bengaluru-bangalore-4-to-8-yrs-jobid-oERXLa__PLUS__ugzFzpSvf__PLUS__uAgZw==&source=srp,"artificial intelligence,oracle bi,big data,python,user documentation,soap,bi,system administration,linux,perl,rest,os,machine learning,windows,written communication"
155,"Senior Data Analyst ",verisk analytics india private limited,0 - 3 yrs,"Delhi,  Delhi/NCR",https://www.timesjobs.com/job-detail/senior-data-analyst-verisk-analytics-india-private-limited-delhi-delhi-ncr-0-to-3-yrs-jobid-n__PLUS__Mj4ngnj__PLUS__NzpSvf__PLUS__uAgZw==&source=srp,"salesforce,html,python,mining,algorithms,bi,sql,crm,rest,problem solving,machine learning,data reports,written communication"
156,"Sr. Data Analyst ",advance auto parts,1 - 2 yrs,Hyderabad/Secunderabad,https://www.timesjobs.com/job-detail/sr-data-analyst-advance-auto-parts-hyderabad-secunderabad-1-to-2-yrs-jobid-bjr3Sk8TGM9zpSvf__PLUS__uAgZw==&source=srp,"data analytics,data mining,dashboards,sql,tableau,predictive modeling,data visualization"
157,"Lead Data Analyst ",sigmoid analutics,0 - 3 yrs,Bengaluru / Bangalore,https://www.timesjobs.com/job-detail/lead-data-analyst-sigmoid-analutics-bengaluru-bangalore-0-to-3-yrs-jobid-S77B7o6VyidzpSvf__PLUS__uAgZw==&source=srp,"linear regression,sql,it management,data science,use cases,data scientist,logistic regression,client interaction"
158,Data Analyst Manager ,CAPITAL ONE FINANCIAL SERVICES CLIENT,2 - 10 yrs,,https://www.timesjobs.com/job-detail/data-analyst-manager-capital-one-financial-services-client-2-to-10-yrs-jobid-BIbdfyw__PLUS__3pFzpSvf__PLUS__uAgZw==&source=srp,"bi,storage,sql,san,python,problem solving,mining,leadership skills"
159,"Senior Data Analyst ",sRide Carpool App,3 - 6 yrs,Pune,https://www.timesjobs.com/job-detail/senior-data-analyst-sride-carpool-app-pune-3-to-6-yrs-jobid-iYZ834atY7hzpSvf__PLUS__uAgZw==&source=srp,"visualization,data analysis,dashboards,sql,data extraction,tableau,analyst"
160,Data Analyst Manager ,CAPITAL ONE FINANCIAL SERVICES CLIENT,2 - 10 yrs,,https://www.timesjobs.com/job-detail/data-analyst-manager-capital-one-financial-services-client-2-to-10-yrs-jobid-tIqAZtw3nntzpSvf__PLUS__uAgZw==&source=srp,"bi,storage,sql,san,python,problem solving,mining,leadership skills"
161,Data Analyst Senior ,FIS GLOBAL BUSINESS SOLUTIONS INDIA PVT. LTD,0 - 3 yrs,Bengaluru / Bangalore,https://www.timesjobs.com/job-detail/data-analyst-senior-fis-global-business-solutions-india-pvt-ltd-bengaluru-bangalore-0-to-3-yrs-jobid-6G8VWx__SLASH__SGQlzpSvf__PLUS__uAgZw==&source=srp,"metadata,bi,sql,security,data modeling,etl,rdbms,data quality,written communication,database servers,ssis"
162,"Senior Marketing Data Analyst ",Infoblox,5 - 8 yrs,Washington DC,https://www.timesjobs.com/job-detail/senior-marketing-data-analyst-infoblox-washington-dc-5-to-8-yrs-jobid-oDsNhgWrlfxzpSvf__PLUS__uAgZw==&source=srp,"salesforce,director,system management,data mining,bi,sql,software engineer,crm,problem solving"
163,"Sr. Data Analyst ",zscaler softech pvt ltd,3 - 8 yrs,"Chandigarh,  Bengaluru / Bangalore",https://www.timesjobs.com/job-detail/sr-data-analyst-zscaler-softech-pvt-ltd-chandigarh-bengaluru-bangalore-3-to-8-yrs-jobid-HRDiVwoNyxFzpSvf__PLUS__uAgZw==&source=srp,"python,bi,team player,sql,security,hadoop,big data,gateway"
164,"RWE Data Analyst/Scientist ",Sanofi-aventis Pvt Ltd,5 - 8 yrs,Hyderabad/Secunderabad,https://www.timesjobs.com/job-detail/rwe-data-analyst-scientist-sanofi-aventis-pvt-ltd-hyderabad-secunderabad-5-to-8-yrs-jobid-4__PLUS__4ZwIrG05xzpSvf__PLUS__uAgZw==&source=srp,"data structures,big data,python,github,mining,nosql,algorithms,scala,sql,linux,machine learning,written communication,hdfs"
165,Data Analyst - Driver Platform ,Gojek,2 - 5 yrs,Bengaluru / Bangalore,https://www.timesjobs.com/job-detail/data-analyst-driver-platform-gojek-bengaluru-bangalore-2-to-5-yrs-jobid-pTslwNGz9uZzpSvf__PLUS__uAgZw==&source=srp,"business requirements,dashboards,ds,sql,data visualization,advanced analytics,data analytics,business analysis,tableau,statistical analysis"
166,"Senior Data Analyst ",PUBLICIS GROUPE,5 - 9 yrs,Bengaluru / Bangalore,https://www.timesjobs.com/job-detail/senior-data-analyst-publicis-groupe-bengaluru-bangalore-5-to-9-yrs-jobid-Fzu39XWDyc1zpSvf__PLUS__uAgZw==&source=srp,"sql,hadoop,big data,crm,python,sas,system management,problem solving,team player,identity management,written communication,sas access"
167,"Senior Data Analyst ",Epsilon,5 - 9 yrs,Bengaluru / Bangalore,https://www.timesjobs.com/job-detail/senior-data-analyst-epsilon-bengaluru-bangalore-5-to-9-yrs-jobid-EFrK3Uemx61zpSvf__PLUS__uAgZw==&source=srp,"sql,hadoop,big data,crm,python,sas,system management,problem solving,team player,identity management,written communication,sas access"
168,"Financial Data Analysts ",CMOTS INTERNET TECHNOLOGIES PVT LTD,0 - 3 yrs,Chennai,https://www.timesjobs.com/job-detail/financial-data-analysts-cmots-internet-technologies-pvt-ltd-chennai-0-to-3-yrs-jobid-oOF6CDXvKeNzpSvf__PLUS__uAgZw==&source=srp,"MS Excel ,VBA ,Analysing , Maintaining database , Increasing productivity , Reconciling data , finance ,analytical abilities."
169,"Senior Data Analyst ",SYSTEM SOFT INC.,2 - 3 yrs,,https://www.timesjobs.com/job-detail/senior-data-analyst-system-soft-inc-2-to-3-yrs-jobid-5uTwsOoxkLtzpSvf__PLUS__uAgZw==&source=srp,"search engine optimization,omniture,e-commerce,sem,seo,mobile,online business,web analytics"
170,"Senior Data Analyst ",SYSTEM SOFT INC.,2 - 3 yrs,Pakistan,https://www.timesjobs.com/job-detail/senior-data-analyst-system-soft-inc-pakistan-2-to-3-yrs-jobid-T2emQUpvINtzpSvf__PLUS__uAgZw==&source=srp,"search engine optimization,omniture,e-commerce,sem,seo,mobile,online business,web analytics"
171,"Senior Data Analyst ",WALMART INDIA,4 - 7 yrs,,https://www.timesjobs.com/job-detail/senior-data-analyst-walmart-india-4-to-7-yrs-jobid-qe3dThC__PLUS__20NzpSvf__PLUS__uAgZw==&source=srp,"Data Analytics ,Business Intelligence,data savvy, creative"
172,Data Analyst- Product ,BOLD,3 - 5 yrs,Noida/Greater Noida,https://www.timesjobs.com/job-detail/data-analyst-product-bold-noida-greater-noida-3-to-5-yrs-jobid-HLgofnAty1dzpSvf__PLUS__uAgZw==&source=srp,"bi,san,python,messaging,infrastructure"
173,"Junior Data Analyst ",RFPIO Inc.,1 - 3 yrs,,https://www.timesjobs.com/job-detail/junior-data-analyst-rfpio-inc-1-to-3-yrs-jobid-JN9bKr0YXztzpSvf__PLUS__uAgZw==&source=srp,"c,information technology,salesforce,reporting tools"
174,"Marketing Data Analyst ",barracuda networks india pvt ltd,0 - 3 yrs,,https://www.timesjobs.com/job-detail/marketing-data-analyst-barracuda-networks-india-pvt-ltd-0-to-3-yrs-jobid-fhr0V5VW__SLASH__qlzpSvf__PLUS__uAgZw==&source=srp,"marketing campaigns,campaigns,marketing automation,marketing,marketo,marketing programs"
175,"Healthcare Data Analyst ",SCALABLE SYSTEMS,10 - 13 yrs,,https://www.timesjobs.com/job-detail/healthcare-data-analyst-scalable-systems-10-to-13-yrs-jobid-jskKxCbTyXxzpSvf__PLUS__uAgZw==&source=srp,"dbms,x12,data structures,big data,database management system,oracle,sybase,ms access,nosql,hl7,cassandra,sql,hadoop,technical skills,mongodb,sas,toad,neo4j"
176,"Digital Marketing Data Analyst ",Thrillophilia,0 - 3 yrs,Jaipur,https://www.timesjobs.com/job-detail/digital-marketing-data-analyst-thrillophilia-jaipur-0-to-3-yrs-jobid-__PLUS__XKOKQdtN8hzpSvf__PLUS__uAgZw==&source=srp,"python,data mining,mining,sql,business objects,big data"
177,"Credit Data Analyst ",ion trading india pvt. ltd.,0 - 3 yrs,Mumbai,https://www.timesjobs.com/job-detail/credit-data-analyst-ion-trading-india-pvt-ltd-mumbai-0-to-3-yrs-jobid-WTUuhAsRshBzpSvf__PLUS__uAgZw==&source=srp,"financial analysis,accountant,accounting,spreadsheets,legal,financial accounts,financial statements,excel,accountancy,accounts,finance"
178,"Market Research Data Analyst ",robas research pvt ltd,0 - 2 yrs,,https://www.timesjobs.com/job-detail/market-research-data-analyst-robas-research-pvt-ltd-0-to-2-yrs-jobid-KnguIlvMgp1zpSvf__PLUS__uAgZw==&source=srp,"Market Research,research executives,client can understand"
179,"eCommerce and Digital Data Analyst ",Merck Ltd,4 - 9 yrs,Bengaluru / Bangalore,https://www.timesjobs.com/job-detail/ecommerce-and-digital-data-analyst-merck-ltd-bengaluru-bangalore-4-to-9-yrs-jobid-ekqXu2F57FVzpSvf__PLUS__uAgZw==&source=srp,"database,big data,rest, Data frameworks"
180,Data Analyst BA ,Citibank India,8 - 11 yrs,Pune,https://www.timesjobs.com/job-detail/data-analyst-ba-citibank-india-pune-8-to-11-yrs-jobid-dAV4vHuiUk1zpSvf__PLUS__uAgZw==&source=srp,"functional specifications,data analysis,business analysis,business environment"
181,"Senior Data Analyst ",WALMART INDIA,5 - 6 yrs,,https://www.timesjobs.com/job-detail/senior-data-analyst-walmart-india-5-to-6-yrs-jobid-QQgRgekJoPZzpSvf__PLUS__uAgZw==&source=srp,"information technology,python,algorithms,scala,bi,sql,technical skills,pattern recognition,machine learning"
182,"Senior Data Analyst ",WALMART INDIA,5 - 6 yrs,,https://www.timesjobs.com/job-detail/senior-data-analyst-walmart-india-5-to-6-yrs-jobid-9o79svNVbvBzpSvf__PLUS__uAgZw==&source=srp,"information technology,python,algorithms,scala,bi,sql,technical skills,pattern recognition,machine learning"
183,"Senior Data Analyst ",PUBLICIS GROUPE,5 - 7 yrs,Bengaluru / Bangalore,https://www.timesjobs.com/job-detail/senior-data-analyst-publicis-groupe-bengaluru-bangalore-5-to-7-yrs-jobid-gQzlHtoJS__SLASH__1zpSvf__PLUS__uAgZw==&source=srp,"sql,crm,sas,system management,problem solving,team player,identity management,written communication,sas access,unix"
184,"Sr. Data Analyst-IND ",APPLYCUP HIRING SOLUTIONS LLP,5 - 8 yrs,Chennai,https://www.timesjobs.com/job-detail/sr-data-analyst-ind-applycup-hiring-solutions-llp-chennai-5-to-8-yrs-jobid-QwCGRFdiq3dzpSvf__PLUS__uAgZw==&source=srp,"web security,hacking,IT security,vulnerability,database programming,database,security,penetration testing,security operations center,data security,operating system,information security,access management,security architecture,infrastructure"
185,"Senior Data Analyst ",WALMART INDIA,4 - 7 yrs,,https://www.timesjobs.com/job-detail/senior-data-analyst-walmart-india-4-to-7-yrs-jobid-0eIgkz6UMrdzpSvf__PLUS__uAgZw==&source=srp,"information technology,use cases,data analytics,bi,data science,statistical analysis,visualization,business requirements,advanced analytics,oracle,data governance,business solutions,storage,sql,database,security,data visualization,data analysis,sas,big data analytics,tableau"
186,"Data Analyst ,DCM Bonds ",ion trading india pvt. ltd.,0 - 3 yrs,Hong Kong,https://www.timesjobs.com/job-detail/data-analyst-dcm-bonds-ion-trading-india-pvt-ltd-hong-kong-0-to-3-yrs-jobid-efIdvXBgtBpzpSvf__PLUS__uAgZw==&source=srp,"historical database,database inclusion,desktop research"
187,Data Analyst III ,WALMART INDIA,3 - 6 yrs,,https://www.timesjobs.com/job-detail/data-analyst-iii-walmart-india-3-to-6-yrs-jobid-k2rM8sue3AtzpSvf__PLUS__uAgZw==&source=srp,"visualization,business requirements,information technology,use cases,data analytics,oracle,data governance,bi,business solutions,storage,sql,database,security,data science,data visualization,data analysis,sas,big data analytics,tableau,statistical analysis,forms"
188,"Sr. Data Analyst ",crescendo global,7 - 10 yrs,"Mumbai,  Pune",https://www.timesjobs.com/job-detail/sr-data-analyst-crescendo-global-mumbai-pune-7-to-10-yrs-jobid-zFd7xWRjCXRzpSvf__PLUS__uAgZw==&source=srp,"python,bi,sql,technical skills"
189,"Market Data Analyst ",ion trading india pvt. ltd.,0 - 1 yrs,Gurgaon,https://www.timesjobs.com/job-detail/market-data-analyst-ion-trading-india-pvt-ltd-gurgaon-0-to-1-yrs-jobid-XCKmH7qKGWlzpSvf__PLUS__uAgZw==&source=srp,"software development life cycle,computer skills,uat,acceptance testing,sdlc"
190,"CRM Business Data Analyst ",harappa education,2 - 5 yrs,Delhi,https://www.timesjobs.com/job-detail/crm-business-data-analyst-harappa-education-delhi-2-to-5-yrs-jobid-XuA1tC6hDfxzpSvf__PLUS__uAgZw==&source=srp,"presentation skills,effective communication, Business Data"
191,"Market Data Analyst ",ion trading india pvt. ltd.,0 - 1 yrs,Gurgaon,https://www.timesjobs.com/job-detail/market-data-analyst-ion-trading-india-pvt-ltd-gurgaon-0-to-1-yrs-jobid-CvAhkeimHjhzpSvf__PLUS__uAgZw==&source=srp,"software development life cycle,computer skills,uat,acceptance testing,sdlc"
192,"Data Analyst ,ECM ",ion trading india pvt. ltd.,0 - 3 yrs,Hong Kong,https://www.timesjobs.com/job-detail/data-analyst-ecm-ion-trading-india-pvt-ltd-hong-kong-0-to-3-yrs-jobid-ldnkhKVtOClzpSvf__PLUS__uAgZw==&source=srp,"historical database,database inclusion,desktop research"
193,"Finance Data Analyst ",Irdeto,0 - 3 yrs,Netherlands,https://www.timesjobs.com/job-detail/finance-data-analyst-irdeto-netherlands-0-to-3-yrs-jobid-Rn__PLUS__qTW2JyflzpSvf__PLUS__uAgZw==&source=srp,"reports,corporate reporting,legal,tax,management reporting,hfm,financial reporting,finance"
194,"Senior Data Analyst ",WALMART INDIA,4 - 7 yrs,,https://www.timesjobs.com/job-detail/senior-data-analyst-walmart-india-4-to-7-yrs-jobid-ZF195iEY0oxzpSvf__PLUS__uAgZw==&source=srp,"authoring,information technology,big data,python,nosql,scala,bi,sql,database"
195,"Senior Data Analyst ",Epsilon,5 - 7 yrs,Bengaluru / Bangalore,https://www.timesjobs.com/job-detail/senior-data-analyst-epsilon-bengaluru-bangalore-5-to-7-yrs-jobid-SBV2p6TIXmJzpSvf__PLUS__uAgZw==&source=srp,"sql,crm,sas,system management,problem solving,team player,identity management,written communication,sas access,unix"
196,Data Analyst III ,WALMART INDIA,3 - 6 yrs,,https://www.timesjobs.com/job-detail/data-analyst-iii-walmart-india-3-to-6-yrs-jobid-I__PLUS__l2SclOd09zpSvf__PLUS__uAgZw==&source=srp,"information technology,mysql,python,oracle,scala,bi,sql,rdbms"
197,"Senior Data Analyst ",PUBLICIS GROUPE,5 - 7 yrs,Bengaluru / Bangalore,https://www.timesjobs.com/job-detail/senior-data-analyst-publicis-groupe-bengaluru-bangalore-5-to-7-yrs-jobid-UsgnL9IcJGBzpSvf__PLUS__uAgZw==&source=srp,"big data,python,system management,unix,sql,hadoop,crm,sas,problem solving,team player,identity management,written communication,sas access"
198,"Senior Data Analyst ",Epsilon,5 - 7 yrs,Bengaluru / Bangalore,https://www.timesjobs.com/job-detail/senior-data-analyst-epsilon-bengaluru-bangalore-5-to-7-yrs-jobid-XZp2gMvaL8xzpSvf__PLUS__uAgZw==&source=srp,"big data,python,system management,unix,sql,hadoop,crm,sas,problem solving,team player,identity management,written communication,sas access"
199,"Senior Data Analyst ",Rapido,1 - 4 yrs,Bengaluru / Bangalore,https://www.timesjobs.com/job-detail/senior-data-analyst-rapido-bengaluru-bangalore-1-to-4-yrs-jobid-7OFBqbxwP0RzpSvf__PLUS__uAgZw==&source=srp,"dashboards,sql,data scientist,data visualization,data analytics,data analysis,tableau,data cleaning"
200,"Lead Data Analyst ",PUBLICIS GROUPE,5 - 9 yrs,Bengaluru / Bangalore,https://www.timesjobs.com/job-detail/lead-data-analyst-publicis-groupe-bengaluru-bangalore-5-to-9-yrs-jobid-Miw853__SLASH__Zk8FzpSvf__PLUS__uAgZw==&source=srp,"sql,hadoop,big data,crm,python,sas,system management,problem solving,team player,identity management,written communication,sas access"
201,"Lead Data Analyst ",Epsilon,5 - 9 yrs,Bengaluru / Bangalore,https://www.timesjobs.com/job-detail/lead-data-analyst-epsilon-bengaluru-bangalore-5-to-9-yrs-jobid-pLgIDWGnkkRzpSvf__PLUS__uAgZw==&source=srp,"sql,hadoop,big data,crm,python,sas,system management,problem solving,team player,identity management,written communication,sas access"
202,Data Analyst Associate ,Zobello.com,1 - 2 yrs,"Delhi,  Delhi/NCR",https://www.timesjobs.com/job-detail/data-analyst-associate-zobello-com-delhi-delhi-ncr-1-to-2-yrs-jobid-l__SLASH__xvd0V__PLUS__axtzpSvf__PLUS__uAgZw==&source=srp,"data mining,data analysis,data modeling"
203,Data Analyst - OpenData ,Veeva Systems,0 - 3 yrs,Singapore,https://www.timesjobs.com/job-detail/data-analyst-opendata-veeva-systems-singapore-0-to-3-yrs-jobid-zZtevdIjrZ5zpSvf__PLUS__uAgZw==&source=srp,"curl,java,mysql,html,api,python,oracle,bi,sql,database,data extraction,postgresql,linux,san,team player"
204,"Media Data Analyst ",Merkle Inc.,1 - 2 yrs,Pune,https://www.timesjobs.com/job-detail/media-data-analyst-merkle-inc-pune-1-to-2-yrs-jobid-vLBiwiChieNzpSvf__PLUS__uAgZw==&source=srp,"campaign manager,marketing campaigns,performance marketing,marketing,web analytics"
205,"SE / SSE-Data Analyst ",BOLD,2 - 6 yrs,Noida/Greater Noida,https://www.timesjobs.com/job-detail/se-sse-data-analyst-bold-noida-greater-noida-2-to-6-yrs-jobid-dJKHH71m5SxzpSvf__PLUS__uAgZw==&source=srp,"bi,business intelligence,etl,san"
206,"JR. Data Analyst ",Plasma,1 - 4 yrs,Dallas,https://www.timesjobs.com/job-detail/jr-data-analyst-plasma-dallas-1-to-4-yrs-jobid-mCk__PLUS__xwLr8fFzpSvf__PLUS__uAgZw==&source=srp,"information technology,oracleagile,sql"
207,"Data Analyst ,Customer Visibility ",Coupa Software Inc.,0 - 3 yrs,Pune,https://www.timesjobs.com/job-detail/data-analyst-customer-visibility-coupa-software-inc-pune-0-to-3-yrs-jobid-1v4YRpiIXCJzpSvf__PLUS__uAgZw==&source=srp,"css,salesforce,web development,html,python,javascript,sql,python scripting,visual basic,crm,php,forms"
208,"Junior Data Analyst ",Binance,2 - 3 yrs,Singapore,https://www.timesjobs.com/job-detail/junior-data-analyst-binance-singapore-2-to-3-yrs-jobid-y8laUWjbvvZzpSvf__PLUS__uAgZw==&source=srp,"python,team player,machine learning,sql"
209,"Senior Data Analyst ",WALMART INDIA,4 - 7 yrs,,https://www.timesjobs.com/job-detail/senior-data-analyst-walmart-india-4-to-7-yrs-jobid-HSvHa6SObdFzpSvf__PLUS__uAgZw==&source=srp,"visualization,business requirements,information technology,use cases,data analytics,oracle,data governance,bi,business solutions,storage,sql,database,security,data science,data visualization,data analysis,sas,big data analytics,tableau,statistical analysis"
210,"Lead/Senior Data Analyst ",Vestas Wind Technology India Pvt Ltd,7 - 10 yrs,Chennai,https://www.timesjobs.com/job-detail/lead-senior-data-analyst-vestas-wind-technology-india-pvt-ltd-chennai-7-to-10-yrs-jobid-S7hOT71vVvdzpSvf__PLUS__uAgZw==&source=srp,"devops,python,data mining,sql,git,machine learning,production environment"
211,Data Analyst for DLAT ,Schneider Electric Pvt Ltd,7 - 8 yrs,Gurgaon,https://www.timesjobs.com/job-detail/data-analyst-for-dlat-schneider-electric-pvt-ltd-gurgaon-7-to-8-yrs-jobid-LY__PLUS__YGcPYcMZzpSvf__PLUS__uAgZw==&source=srp,"java,pim,xml,html,api,oracle environment,javascript,ms office suite,sql,database,middleware,information management,team player"
212,"Sr. Data Analyst ",DemandMatrix,5 - 8 yrs,Pune,https://www.timesjobs.com/job-detail/sr-data-analyst-demandmatrix-pune-5-to-8-yrs-jobid-tl5Kqn3IKdhzpSvf__PLUS__uAgZw==&source=srp,"python,bi,sql,postgresql,xml,linux,json,html"
213,Data Analyst / BI ,Binance,3 - 6 yrs,,https://www.timesjobs.com/job-detail/data-analyst-bi-binance-3-to-6-yrs-jobid-u86y0G__PLUS__A__SLASH__L9zpSvf__PLUS__uAgZw==&source=srp,"hive,python,bi,data warehousing,sql,logical thinking,hadoop,big data"
214,"Designation: Data Analyst ",Hash connect,3 - 5 yrs,Bengaluru / Bangalore,https://www.timesjobs.com/job-detail/designation-data-analyst-hash-connect-bengaluru-bangalore-3-to-5-yrs-jobid-o3wByIvNktJzpSvf__PLUS__uAgZw==&source=srp,"trend,google adwords,marketing,campaigns"
215,Data Analyst 2 ,PUBLICIS GROUPE,4 - 7 yrs,Bengaluru / Bangalore,https://www.timesjobs.com/job-detail/data-analyst-2-publicis-groupe-bengaluru-bangalore-4-to-7-yrs-jobid-k5vB__PLUS__WU__SLASH__3DFzpSvf__PLUS__uAgZw==&source=srp,"artificial intelligence,sql,crm,python,sas,machine learning,identity management,sql programming"
216,"ISC Data Analyst ",Textron India Pvt Ltd,0 - 3 yrs,,https://www.timesjobs.com/job-detail/isc-data-analyst-textron-india-pvt-ltd-0-to-3-yrs-jobid-bWaxi9XFNsFzpSvf__PLUS__uAgZw==&source=srp,"manufacturing,vehicles,action,aerospace"
217,"Lead Data Analyst ",PUBLICIS GROUPE,6 - 9 yrs,"Ahmedabad,  Gurgaon,  Mumbai,  Bengaluru / Bangalore",https://www.timesjobs.com/job-detail/lead-data-analyst-publicis-groupe-ahmedabad-gurgaon-mumbai-bengaluru-bangalore-6-to-9-yrs-jobid-Joh0ywjvelZzpSvf__PLUS__uAgZw==&source=srp,"hybris,bi,sql,salesforce,episerver,devops,magento,mobile,demandware,drupal,infrastructure"
218,"Lead Data Analyst ",PUBLICIS GROUPE,6 - 9 yrs,"Ahmedabad,  Gurgaon,  Mumbai,  Bengaluru / Bangalore",https://www.timesjobs.com/job-detail/lead-data-analyst-publicis-groupe-ahmedabad-gurgaon-mumbai-bengaluru-bangalore-6-to-9-yrs-jobid-eD9B48IH__SLASH__FFzpSvf__PLUS__uAgZw==&source=srp,"hybris,bi,sql,salesforce,episerver,devops,magento,mobile,demandware,drupal,infrastructure"
219,"Acoustic Data Analyst ",XYLEM WATER SOLUTIONS INDIA PVT. LTD,0 - 3 yrs,Philippines,https://www.timesjobs.com/job-detail/acoustic-data-analyst-xylem-water-solutions-india-pvt-ltd-philippines-0-to-3-yrs-jobid-ZbJheKO2NDtzpSvf__PLUS__uAgZw==&source=srp,"c,computer programming,artificial intelligence,sql,pattern recognition,python,infrastructure"
220,Data Analyst( Smart Chain ),Binance,2 - 5 yrs,China,https://www.timesjobs.com/job-detail/data-analyst-smart-chain-binance-china-2-to-5-yrs-jobid-9MaL7yWTx__PLUS__FzpSvf__PLUS__uAgZw==&source=srp,"c,sql,database management,java,python,sas,team player,machine learning,nosql,neo4j"
221,"SQL Data Analyst ",Harmony Data Integration Technologies,3 - 6 yrs,Mohali,https://www.timesjobs.com/job-detail/sql-data-analyst-harmony-data-integration-technologies-mohali-3-to-6-yrs-jobid-sRFh6h8WokdzpSvf__PLUS__uAgZw==&source=srp,"c#,python,c,c,sql,java,infrastructure"
222,"Credit Data Analyst ",ion trading india pvt. ltd.,0 - 3 yrs,Mumbai,https://www.timesjobs.com/job-detail/credit-data-analyst-ion-trading-india-pvt-ltd-mumbai-0-to-3-yrs-jobid-MftSym6IgApzpSvf__PLUS__uAgZw==&source=srp,"financial analysis,accountant,accounting,spreadsheets,legal,financial accounts,financial statements,excel,accountancy,accounts,finance"
223,Data Analyst Manager ,Binance,8 - 11 yrs,China,https://www.timesjobs.com/job-detail/data-analyst-manager-binance-china-8-to-11-yrs-jobid-oAQKwbgeki5zpSvf__PLUS__uAgZw==&source=srp,"c,sql,database management,java,python,sas,nosql,neo4j"
224,"BUSINESS DATA ANALYST ",green-tree advisory,3 - 6 yrs,Gurgaon,https://www.timesjobs.com/job-detail/business-data-analyst-green-tree-advisory-gurgaon-3-to-6-yrs-jobid-__SLASH__kuYVL79PqBzpSvf__PLUS__uAgZw==&source=srp,"oracle,information management,sas,data mining,ms access,javascript,sql,database,bw,xml"
225,"Lab Data Analyst ",Iqvia,2 - 5 yrs,Bengaluru / Bangalore,https://www.timesjobs.com/job-detail/lab-data-analyst-iqvia-bengaluru-bangalore-2-to-5-yrs-jobid-9izYeGdZtfZzpSvf__PLUS__uAgZw==&source=srp,"regulatory requirements,ich,validation,clinical lab,glp,clinical,clinical research,data management,scientist,regulatory,life sciences,sas programming"
226,"Junior Data Analyst ",Binance,3 - 6 yrs,Singapore,https://www.timesjobs.com/job-detail/junior-data-analyst-binance-singapore-3-to-6-yrs-jobid-Si9GPb4Xg1NzpSvf__PLUS__uAgZw==&source=srp,"hive,bi,data warehousing,sql,hadoop,big data,python,logical thinking"
227,"Sr Data Analyst ",2SOFT SOLUTIONS PVT LTD,5 - 8 yrs,Mumbai,https://www.timesjobs.com/job-detail/sr-data-analyst-2soft-solutions-pvt-ltd-mumbai-5-to-8-yrs-jobid-GXHsvQnYPwdzpSvf__PLUS__uAgZw==&source=srp,"bi,data warehousing,sql,database development,database,ssrs,mysql,cloud computing,solution architect,sas,triggers"
228,"Lead Data Analyst- Adobe ",PUBLICIS GROUPE,4 - 7 yrs,"Ahmedabad,  Gurgaon,  Mumbai,  Bengaluru / Bangalore",https://www.timesjobs.com/job-detail/lead-data-analyst-adobe-publicis-groupe-ahmedabad-gurgaon-mumbai-bengaluru-bangalore-4-to-7-yrs-jobid-ojw8a9WqFzlzpSvf__PLUS__uAgZw==&source=srp,"hybris,bi,salesforce,episerver,devops,report builder,magento,mobile,demandware,drupal,infrastructure"
229,"Senior Data Analyst ",jupiter,3 - 6 yrs,"Mumbai,  Bengaluru / Bangalore",https://www.timesjobs.com/job-detail/senior-data-analyst-jupiter-mumbai-bengaluru-bangalore-3-to-6-yrs-jobid-h6ytttcpT__PLUS__FzpSvf__PLUS__uAgZw==&source=srp,"bi,sql,database,press,crm,python,mobile,problem solving,infrastructure"
230,"AVP - Data Analyst - digital ",dbs asia hub 2,3 - 12 yrs,Mumbai,https://www.timesjobs.com/job-detail/avp-data-analyst-digital-dbs-asia-hub-2-mumbai-3-to-12-yrs-jobid-AF4JlExmggNzpSvf__PLUS__uAgZw==&source=srp,"hive,ds,sql,hadoop,python,sas,machine learning,nosql"
231,"Immediate opening For Data Analyst ",APPLYCUP HIRING SOLUTIONS LLP,0 - 2 yrs,Chennai,https://www.timesjobs.com/job-detail/immediate-opening-for-data-analyst-applycup-hiring-solutions-llp-chennai-0-to-2-yrs-jobid-4BXKL4TQtg1zpSvf__PLUS__uAgZw==&source=srp,"algorithms,machine learning,artificial intelligence,data extraction,written communication"
232,Data Analysts / HTML Editor ,ace softex pvt. ltd.,0 - 3 yrs,Rajkot,https://www.timesjobs.com/job-detail/data-analysts-html-editor-ace-softex-pvt-ltd-rajkot-0-to-3-yrs-jobid-wlDd24X5uGpzpSvf__PLUS__uAgZw==&source=srp,"css,xml,html"
233,"Senior Data Analysts ",pratibha analytics,1 - 6 yrs,Hyderabad/Secunderabad,https://www.timesjobs.com/job-detail/senior-data-analysts-pratibha-analytics-hyderabad-secunderabad-1-to-6-yrs-jobid-THvRE__SLASH__nu4pRzpSvf__PLUS__uAgZw==&source=srp,"bi,hadoop,pl/sql,big data,sql"
234,"Item Data Analyst ",TARGET,4 - 7 yrs,Bengaluru / Bangalore,https://www.timesjobs.com/job-detail/item-data-analyst-target-bengaluru-bangalore-4-to-7-yrs-jobid-JaJu1l6__SLASH__eXhzpSvf__PLUS__uAgZw==&source=srp,"action,operational excellence,planning"
235,Data Analyst I ,CERNER,0 - 3 yrs,Bengaluru / Bangalore,https://www.timesjobs.com/job-detail/data-analyst-i-cerner-bengaluru-bangalore-0-to-3-yrs-jobid-mIj8IfFyKT9zpSvf__PLUS__uAgZw==&source=srp,"decision making,development planning,strategic planning"
236,"Clinical Data Analyst ",Eli Lilly & company India Pvt Ltd,3 - 5 yrs,Bengaluru / Bangalore,https://www.timesjobs.com/job-detail/clinical-data-analyst-eli-lilly-company-india-pvt-ltd-bengaluru-bangalore-3-to-5-yrs-jobid-i61MDZFFIHRzpSvf__PLUS__uAgZw==&source=srp,"data mining,bi,dbms,t-sql,sql,python,sas,problem solving,written communication,leadership skills"
237,"ServiceNow Data Analyst ",Exxon Mobil Corporation,4 - 7 yrs,Bengaluru / Bangalore,https://www.timesjobs.com/job-detail/servicenow-data-analyst-exxon-mobil-corporation-bengaluru-bangalore-4-to-7-yrs-jobid-OEX__PLUS__jXqZP8pzpSvf__PLUS__uAgZw==&source=srp,"information technology,sql,data extraction,database,devops,servicenow"
238,"Senior Data Analyst at QS ",qs quacquarelli symonds india pvt ltd,5 - 8 yrs,,https://www.timesjobs.com/job-detail/senior-data-analyst-at-qs-qs-quacquarelli-symonds-india-pvt-ltd-5-to-8-yrs-jobid-__SLASH__GOaFaHBgVZzpSvf__PLUS__uAgZw==&source=srp,"data mining,bi,sql,waterfall,sql queries,information management,director,testing,metrics,agile"
239,"PDM Data Analyst ",Schneider Electric Pvt Ltd,3 - 6 yrs,Bengaluru / Bangalore,https://www.timesjobs.com/job-detail/pdm-data-analyst-schneider-electric-pvt-ltd-bengaluru-bangalore-3-to-6-yrs-jobid-12iv7Ofzg6hzpSvf__PLUS__uAgZw==&source=srp,"java,python,javascript,unix,data warehousing,linux,perl,technical skills,solaris,os,team player,machine learning"
240,Data Analyst III ,WALMART INDIA,3 - 6 yrs,,https://www.timesjobs.com/job-detail/data-analyst-iii-walmart-india-3-to-6-yrs-jobid-y__SLASH__R3oN2qmAJzpSvf__PLUS__uAgZw==&source=srp,"visualization,business requirements,information technology,use cases,data analytics,oracle,data governance,bi,business solutions,storage,sql,database,security,data science,data visualization,data analysis,sas,big data analytics,tableau,statistical analysis,forms"
241,"Marketing Data Analyst ",dkatalis labs,0 - 3 yrs,Indonesia,https://www.timesjobs.com/job-detail/marketing-data-analyst-dkatalis-labs-indonesia-0-to-3-yrs-jobid-U9iCvffkg7tzpSvf__PLUS__uAgZw==&source=srp,"marketing,marketing campaigns,campaigns,marketing analytics,segmentation,marketing analyst"
242,"Credit Data Analyst ",ion trading india pvt. ltd.,0 - 3 yrs,Mumbai,https://www.timesjobs.com/job-detail/credit-data-analyst-ion-trading-india-pvt-ltd-mumbai-0-to-3-yrs-jobid-VBBF5hJLX2JzpSvf__PLUS__uAgZw==&source=srp,"accounting,spreadsheets,legal,financial accounts,financial statements,excel,accounts"
243,"Business Intelligence Data Analyst ",Pinkerton Consulting & Investigations Inc.,0 - 2 yrs,,https://www.timesjobs.com/job-detail/business-intelligence-data-analyst-pinkerton-consulting-investigations-inc-0-to-2-yrs-jobid-dR__PLUS__tYUdLlR1zpSvf__PLUS__uAgZw==&source=srp,"security,computer skills,office equipment,verbal communication,accommodation,travel"
244,"Lead Data Analyst ",PUBLICIS GROUPE,4 - 7 yrs,"Ahmedabad,  Gurgaon,  Mumbai,  Bengaluru / Bangalore",https://www.timesjobs.com/job-detail/lead-data-analyst-publicis-groupe-ahmedabad-gurgaon-mumbai-bengaluru-bangalore-4-to-7-yrs-jobid-KTyKomPlMEBzpSvf__PLUS__uAgZw==&source=srp,"hybris,bi,salesforce,episerver,devops,report builder,magento,mobile,demandware,drupal,infrastructure"
245,"Senior Data Analyst ",PUBLICIS GROUPE,5 - 9 yrs,Bengaluru / Bangalore,https://www.timesjobs.com/job-detail/senior-data-analyst-publicis-groupe-bengaluru-bangalore-5-to-9-yrs-jobid-y2YCyhyfwHlzpSvf__PLUS__uAgZw==&source=srp,"sql,hadoop,big data,crm,python,sas,system management,problem solving,team player,identity management,written communication,sas access"
246,"Senior Data Analyst ",Epsilon,5 - 9 yrs,Bengaluru / Bangalore,https://www.timesjobs.com/job-detail/senior-data-analyst-epsilon-bengaluru-bangalore-5-to-9-yrs-jobid-Z8SFnLsPUV1zpSvf__PLUS__uAgZw==&source=srp,"sql,hadoop,big data,crm,python,sas,system management,problem solving,team player,identity management,written communication,sas access"
247,Data Analyst Data and Analytics ,Intel Technology India Pvt Ltd,0 - 3 yrs,Bengaluru / Bangalore,https://www.timesjobs.com/job-detail/data-analyst-data-and-analytics-intel-technology-india-pvt-ltd-bengaluru-bangalore-0-to-3-yrs-jobid-txUgsWuadhBzpSvf__PLUS__uAgZw==&source=srp,"metadata,information technology,data quality,data integration,hosting,data warehousing,msbi"
248,"Sr. Marketing Data Analyst ",AlphaSense,5 - 8 yrs,New York City,https://www.timesjobs.com/job-detail/sr-marketing-data-analyst-alphasense-new-york-city-5-to-8-yrs-jobid-LtS84yyQBp5zpSvf__PLUS__uAgZw==&source=srp,"digital marketing,customer marketing,campaigns,marketo,marketing programs,offline marketing,demand generation,marketing analytics,content marketing,marketing,product marketing,trade,web analytics,google analytics"
249,"Product Data Analyst ",TARGET,4 - 7 yrs,Bengaluru / Bangalore,https://www.timesjobs.com/job-detail/product-data-analyst-target-bengaluru-bangalore-4-to-7-yrs-jobid-lO5CmT__SLASH__D4eNzpSvf__PLUS__uAgZw==&source=srp,"hive,data mining,sql,testing tools,big data,python,information management,database programming,reporting tools"
